Workbook

Sheet Inicio
A1: REGISTRO DE COMISIONES DE SERVICIOS SIN RMU — SEPS
A2: Otorgadas hacia otras instituciones del Estado | Control de límite legal (LOSEP: máx. 6 años fuera de la institución)
A4: Panel de control
B6: =COUNTA('Base de Personas'!B7:B21) -> 15 | D6: =COUNTIF('Base de Personas'!T7:T21,"*VENCIDA*")+COUNTIF('Base de Personas'!T7:T21,"*VENCE PRONTO*") -> 7 | F6: =COUNTIF('Base de Personas'!R7:R21,"*SUPERO*")+COUNTIF('Base de Personas'!R7:R21,"*PROXIMO*") -> 0
B9: Personas en comisión | D9: Comisiones vencidas o por vencer (≤90 días) | F9: Cerca o sobre el límite legal de 6 años
B10: =COUNTIF('Base de Personas'!V7:V21,"*INACTIVO*")+COUNTIF('Base de Personas'!V7:V21,"*SIN REGISTRAR*") -> 6 | D10: =SUM('Base de Personas'!I7:I21) -> 20243 | F10: =SUMPRODUCT((COUNTIF('Base de Personas'!J7:J21,'Base de Personas'!J7:J21)=1)*1) -> 11
B13: Partidas con servidor inactivo/sin registrar | D13: RMU mensual total comprometido (referencial) | F13: Instituciones distintas receptoras
A15: Cómo usar este libro
A17: 1. Base de Personas | C17: Una fila por servidor público en comisión. Use el cuadro de búsqueda (celda C4 de esa hoja) para escribir cédula o nombre: las filas coincidentes se resaltan en amarillo. También puede usar las flechas de filtro de la tabla.
A18: 2. Detalle de Períodos | C18: Historial completo de cada renovación de comisión por persona (fecha de inicio y fin de cada período), base para los cálculos acumulados.
A19: 3. Estadísticas | C19: Indicadores y gráficos: distribución por institución, por grupo ocupacional, estado de comisiones y línea de tiempo (Gantt) de todas las comisiones vigentes.
A20: 4. Instrucciones y Macro VBA | C20: Guía de colores/semáforos y código VBA opcional para búsqueda rápida por InputBox y exportación automática de alertas.
A21: Alertas automáticas | C21: 🟢 Vigente / dentro del límite 🟡 Vigilar (≤1 año o ≤180 días) 🟠 Próximo a vencer (≤90–180 días) 🔴 Vencida o superó el límite legal de 6 años.
A22: Importante | C22: El "límite legal" se calcula sumando los días efectivos de comisión (columna "Días Acumulados") y proyectando 6 años desde la fecha de inicio de la primera comisión. Si la comisión tuvo interrupciones (regresos a la institución), revise manualmente la columna "Continuidad".

Sheet Base de Personas
A1: BASE DE PERSONAS EN COMISIÓN DE SERVICIOS SIN RMU
A2: Una fila por servidor público. Columnas J en adelante se calculan automáticamente a partir de la hoja "Detalle de Periodos".
A4: 🔍 Buscar (cédula o nombre): | I4: =IF($D$4="","Escriba un término para resaltar coincidencias en la tabla.","Coincidencias encontradas: "&(COUNTIF($B$7:$B$21,"*"&$D$4&"*")+COUNTIF($C$7:$C$21,"*"&$D$4&"*"))) -> Escriba un término para resaltar coincidencias en la tabla.
A6: No. | B6: Cédula | C6: Nombres Completos | D6: Ciudad | E6: Intendencia de Origen | F6: Dirección de Origen | G6: Cargo | H6: Grupo Ocupacional | I6: RMU | J6: Institución Actual (Destino) | K6: Fecha Inicio (1ra Comisión) | L6: Fecha Fin Comisión Actual | M6: N° Períodos /Renovaciones | N6: Días Acumulados en Comisión | O6: Años Acumulados (aprox.) | P6: Fecha Límite Legal (6 años) | Q6: Días Restantes al Límite Legal | R6: Estado Límite Legal (6 años) | S6: Días Restantes Comisión Actual | T6: Estado Comisión Actual | U6: Continuidad | V6: Servidor que Ocupa la Partida | W6: Dirección del Servidor que Ocupa
A7: 1 | B7: 1713260295 | C7: DUQUE VINUEZA GIOVANNY XAVIER | D7: QUITO | E7: INTENDENTE NACIONAL DE SUPERVISION A ORGANIZACIONES DE LA ECONOMIA POPULAR Y SOLIDARIA | F7: DIRECCION NACIONAL LEGAL DE ORGANIZACIONES DE LA ECONOMIA POPULAR Y SOLIDARIA | G7: ANALISTA JURIDICO 2 DE LA EPS | H7: SERVIDOR PUBLICO 7 | I7: 1676 | J7: =TRIM(SUBSTITUTE(SUBSTITUTE(SUBSTITUTE(SUBSTITUTE(SUBSTITUTE(SUBSTITUTE(UPPER(INDEX(tblPeriodos[Institución en el Período],MATCH(B7&"-1",tblPeriodos[Clave (uso interno)],0))),"Á","A"),"É","E"),"Í","I"),"Ó","O"),"Ú","U"),"Ü","U")) -> BANCO CENTRAL DEL ECUADOR | K7: =_xlfn.MINIFS(tblPeriodos[Fecha Inicio del Período],tblPeriodos[Cédula],B7) -> 44635 | L7: =_xlfn.MAXIFS(tblPeriodos[Fecha Fin del Período],tblPeriodos[Cédula],B7) -> 46460 | M7: =COUNTIFS(tblPeriodos[Cédula],B7) -> 4 | N7: =SUMIFS(tblPeriodos[Días del Período],tblPeriodos[Cédula],B7) -> 1827 | O7: =ROUND(N7/365.25,1) -> 5 | P7: =EDATE(K7,72) -> 46827 | Q7: =P7-TODAY() -> 553 | R7: =IF(Q7<=0,"🔴 SUPERO LIMITE LEGAL",IF(Q7<=180,"🟠 PROXIMO AL LIMITE (6 ANOS)",IF(Q7<=365,"🟡 VIGILAR (< 1 ANO)","🟢 DENTRO DEL LIMITE"))) -> 🟢 DENTRO DEL LIMITE | S7: =L7-TODAY() -> 186 | T7: =IF(S7<0,"🔴 COMISION VENCIDA",IF(S7<=90,"🟠 VENCE PRONTO (<=90 DIAS)",IF(S7<=180,"🟡 PROXIMA A VENCER (<=180 DIAS)","🟢 VIGENTE"))) -> 🟢 VIGENTE | U7: =IF(ABS(N7-(L7-K7+1))<=3,"CONTINUA","CON INTERRUPCIONES - REVISAR") -> CONTINUA | V7: =TRIM(SUBSTITUTE(SUBSTITUTE(SUBSTITUTE(SUBSTITUTE(SUBSTITUTE(SUBSTITUTE(UPPER(IFERROR(INDEX('Registro de Comisión'!$L$5:$L$304,MATCH($B7&"-ACT",'Registro de Comisión'!$N$5:$N$304,0)),"NEIRA TACURE ELIZABETH DEL CARMEN")),"Á","A"),"É","E"),"Í","I"),"Ó","O"),"Ú","U"),"Ü","U")) -> NEIRA TACURE ELIZABETH DEL CARMEN | W7: DIRECCION NACIONAL DE SUPERVISION A ENTIDADES DEL SECTOR FINANCIERO TIPO I
A8: 2 | B8: 1722632476 | C8: BARAHONA LOPEZ IVAN PATRICIO | D8: QUITO | E8: SECRETARIA GENERAL | F8: DIRECCION NACIONAL DE GESTION DOCUMENTAL Y ARCHIVO | G8: ASISTENTE TECNICO DE GESTION DOCUMENTAL | H8: SERVIDOR PUBLICO 1 | I8: 817 | J8: =TRIM(SUBSTITUTE(SUBSTITUTE(SUBSTITUTE(SUBSTITUTE(SUBSTITUTE(SUBSTITUTE(UPPER(INDEX(tblPeriodos[Institución en el Período],MATCH(B8&"-1",tblPeriodos[Clave (uso interno)],0))),"Á","A"),"É","E"),"Í","I"),"Ó","O"),"Ú","U"),"Ü","U")) -> BANCO CENTRAL DEL ECUADOR | K8: =_xlfn.MINIFS(tblPeriodos[Fecha Inicio del Período],tblPeriodos[Cédula],B8) -> 44697 | L8: =_xlfn.MAXIFS(tblPeriodos[Fecha Fin del Período],tblPeriodos[Cédula],B8) -> 46522 | M8: =COUNTIFS(tblPeriodos[Cédula],B8) -> 4 | N8: =SUMIFS(tblPeriodos[Días del Período],tblPeriodos[Cédula],B8) -> 1827 | O8: =ROUND(N8/365.25,1) -> 5 | P8: =EDATE(K8,72) -> 46889 | Q8: =P8-TODAY() -> 615 | R8: =IF(Q8<=0,"🔴 SUPERO LIMITE LEGAL",IF(Q8<=180,"🟠 PROXIMO AL LIMITE (6 ANOS)",IF(Q8<=365,"🟡 VIGILAR (< 1 ANO)","🟢 DENTRO DEL LIMITE"))) -> 🟢 DENTRO DEL LIMITE | S8: =L8-TODAY() -> 248 | T8: =IF(S8<0,"🔴 COMISION VENCIDA",IF(S8<=90,"🟠 VENCE PRONTO (<=90 DIAS)",IF(S8<=180,"🟡 PROXIMA A VENCER (<=180 DIAS)","🟢 VIGENTE"))) -> 🟢 VIGENTE | U8: =IF(ABS(N8-(L8-K8+1))<=3,"CONTINUA","CON INTERRUPCIONES - REVISAR") -> CONTINUA | V8: =TRIM(SUBSTITUTE(SUBSTITUTE(SUBSTITUTE(SUBSTITUTE(SUBSTITUTE(SUBSTITUTE(UPPER(IFERROR(INDEX('Registro de Comisión'!$L$5:$L$304,MATCH($B8&"-ACT",'Registro de Comisión'!$N$5:$N$304,0)),"MUÑOZ MOLINA WALTER ALEXIS")),"Á","A"),"É","E"),"Í","I"),"Ó","O"),"Ú","U"),"Ü","U")) -> MUÑOZ MOLINA WALTER ALEXIS | W8: INTENEDENCIA NACIONAL DE PLANIFICACION Y GESTION ESTRATEGICA / DIRECCION NCIONAL DE PROCESOS Y CALIDAD
A9: 3 | B9: 1721533576 | C9: TAPIA FLORES GARDENIA CECIBEL | D9: CUENCA | E9: DIRECCION ZONAL 5 | F9: UNIDAD DE SERVICIOS | G9: ASISTENTE DE GESTION DOCUMENTAL ZONAL | H9: SERVIDOR PUBLICO 1 | I9: 817 | J9: =TRIM(SUBSTITUTE(SUBSTITUTE(SUBSTITUTE(SUBSTITUTE(SUBSTITUTE(SUBSTITUTE(UPPER(INDEX(tblPeriodos[Institución en el Período],MATCH(B9&"-1",tblPeriodos[Clave (uso interno)],0))),"Á","A"),"É","E"),"Í","I"),"Ó","O"),"Ú","U"),"Ü","U")) -> GOBIERNO AUTONOMO DESENTRALZIADO, MUNICIPAL DEL CANTON SEVILLA DE ORO | K9: =_xlfn.MINIFS(tblPeriodos[Fecha Inicio del Período],tblPeriodos[Cédula],B9) -> 45075 | L9: =_xlfn.MAXIFS(tblPeriodos[Fecha Fin del Período],tblPeriodos[Cédula],B9) -> 46535 | M9: =COUNTIFS(tblPeriodos[Cédula],B9) -> 1 | N9: =SUMIFS(tblPeriodos[Días del Período],tblPeriodos[Cédula],B9) -> 1461 | O9: =ROUND(N9/365.25,1) -> 4 | P9: =EDATE(K9,72) -> 47267 | Q9: =P9-TODAY() -> 993 | R9: =IF(Q9<=0,"🔴 SUPERO LIMITE LEGAL",IF(Q9<=180,"🟠 PROXIMO AL LIMITE (6 ANOS)",IF(Q9<=365,"🟡 VIGILAR (< 1 ANO)","🟢 DENTRO DEL LIMITE"))) -> 🟢 DENTRO DEL LIMITE | S9: =L9-TODAY() -> 261 | T9: =IF(S9<0,"🔴 COMISION VENCIDA",IF(S9<=90,"🟠 VENCE PRONTO (<=90 DIAS)",IF(S9<=180,"🟡 PROXIMA A VENCER (<=180 DIAS)","🟢 VIGENTE"))) -> 🟢 VIGENTE | U9: =IF(ABS(N9-(L9-K9+1))<=3,"CONTINUA","CON INTERRUPCIONES - REVISAR") -> CONTINUA | V9: =TRIM(SUBSTITUTE(SUBSTITUTE(SUBSTITUTE(SUBSTITUTE(SUBSTITUTE(SUBSTITUTE(UPPER(IFERROR(INDEX('Registro de Comisión'!$L$5:$L$304,MATCH($B9&"-ACT",'Registro de Comisión'!$N$5:$N$304,0)),"BEDOYA PADILLA KEVIN ANDRES")),"Á","A"),"É","E"),"Í","I"),"Ó","O"),"Ú","U"),"Ü","U")) -> BEDOYA PADILLA KEVIN ANDRES | W9: DIRECCION NACIONAL DE ATENCION A CONSULTAS Y RECLAMOS DE LA ECONOMIA POPULAR Y SOLIDARIA
A10: 4 | B10: 1711688190 | C10: SANTAMARIA RUEDA DIEGO MAURICIO | D10: QUITO | E10: INTENDENCIA NACIONAL ADMINISTRATIVA FINANCIERA | F10: DIRECCION NACIONAL FINANCIERA | G10: ANALISTA DE TESORERIA 1 | H10: SERVIDOR PUBLICO 5 | I10: 1212 | J10: =TRIM(SUBSTITUTE(SUBSTITUTE(SUBSTITUTE(SUBSTITUTE(SUBSTITUTE(SUBSTITUTE(UPPER(INDEX(tblPeriodos[Institución en el Período],MATCH(B10&"-1",tblPeriodos[Clave (uso interno)],0))),"Á","A"),"É","E"),"Í","I"),"Ó","O"),"Ú","U"),"Ü","U")) -> GOBIERNO AUTONOMO DESCENTRALIZADO DEL DISTRITO METROPOLITANO DE QUITO | K10: =_xlfn.MINIFS(tblPeriodos[Fecha Inicio del Período],tblPeriodos[Cédula],B10) -> 45096 | L10: =_xlfn.MAXIFS(tblPeriodos[Fecha Fin del Período],tblPeriodos[Cédula],B10) -> 46203 | M10: =COUNTIFS(tblPeriodos[Cédula],B10) -> 2 | N10: =SUMIFS(tblPeriodos[Días del Período],tblPeriodos[Cédula],B10) -> 1108 | O10: =ROUND(N10/365.25,1) -> 3 | P10: =EDATE(K10,72) -> 47288 | Q10: =P10-TODAY() -> 1014 | R10: =IF(Q10<=0,"🔴 SUPERO LIMITE LEGAL",IF(Q10<=180,"🟠 PROXIMO AL LIMITE (6 ANOS)",IF(Q10<=365,"🟡 VIGILAR (< 1 ANO)","🟢 DENTRO DEL LIMITE"))) -> 🟢 DENTRO DEL LIMITE | S10: =L10-TODAY() -> -71 | T10: =IF(S10<0,"🔴 COMISION VENCIDA",IF(S10<=90,"🟠 VENCE PRONTO (<=90 DIAS)",IF(S10<=180,"🟡 PROXIMA A VENCER (<=180 DIAS)","🟢 VIGENTE"))) -> 🔴 COMISION VENCIDA | U10: =IF(ABS(N10-(L10-K10+1))<=3,"CONTINUA","CON INTERRUPCIONES - REVISAR") -> CONTINUA | V10: =TRIM(SUBSTITUTE(SUBSTITUTE(SUBSTITUTE(SUBSTITUTE(SUBSTITUTE(SUBSTITUTE(UPPER(IFERROR(INDEX('Registro de Comisión'!$L$5:$L$304,MATCH($B10&"-ACT",'Registro de Comisión'!$N$5:$N$304,0)),"MUÑOZ GARCIA DIANA PAMELA")),"Á","A"),"É","E"),"Í","I"),"Ó","O"),"Ú","U"),"Ü","U")) -> MUÑOZ GARCIA DIANA PAMELA | W10: DIRECCION NACIONAL FINANCIERA
A11: 5 | B11: 0917368417 | C11: GUERRERO FLORES LENCY WALKIRIA | D11: GUAYAQUIL | E11: DIRECCION ZONAL 5 | F11: UNIDAD DE SERVICIOS | G11: ANALISTA DE SERVICIO AL CIUDADANO ZONAL | H11: SERVIDOR PUBLICO 7 | I11: 1676 | J11: =TRIM(SUBSTITUTE(SUBSTITUTE(SUBSTITUTE(SUBSTITUTE(SUBSTITUTE(SUBSTITUTE(UPPER(INDEX(tblPeriodos[Institución en el Período],MATCH(B11&"-1",tblPeriodos[Clave (uso interno)],0))),"Á","A"),"É","E"),"Í","I"),"Ó","O"),"Ú","U"),"Ü","U")) -> CONTRALORIA GENERAL DEL ESTADO | K11: =_xlfn.MINIFS(tblPeriodos[Fecha Inicio del Período],tblPeriodos[Cédula],B11) -> 45323 | L11: =_xlfn.MAXIFS(tblPeriodos[Fecha Fin del Período],tblPeriodos[Cédula],B11) -> 46418 | M11: =COUNTIFS(tblPeriodos[Cédula],B11) -> 2 | N11: =SUMIFS(tblPeriodos[Días del Período],tblPeriodos[Cédula],B11) -> 1096 | O11: =ROUND(N11/365.25,1) -> 3 | P11: =EDATE(K11,72) -> 47515 | Q11: =P11-TODAY() -> 1241 | R11: =IF(Q11<=0,"🔴 SUPERO LIMITE LEGAL",IF(Q11<=180,"🟠 PROXIMO AL LIMITE (6 ANOS)",IF(Q11<=365,"🟡 VIGILAR (< 1 ANO)","🟢 DENTRO DEL LIMITE"))) -> 🟢 DENTRO DEL LIMITE | S11: =L11-TODAY() -> 144 | T11: =IF(S11<0,"🔴 COMISION VENCIDA",IF(S11<=90,"🟠 VENCE PRONTO (<=90 DIAS)",IF(S11<=180,"🟡 PROXIMA A VENCER (<=180 DIAS)","🟢 VIGENTE"))) -> 🟡 PROXIMA A VENCER (<=180 DIAS) | U11: =IF(ABS(N11-(L11-K11+1))<=3,"CONTINUA","CON INTERRUPCIONES - REVISAR") -> CONTINUA | V11: =TRIM(SUBSTITUTE(SUBSTITUTE(SUBSTITUTE(SUBSTITUTE(SUBSTITUTE(SUBSTITUTE(UPPER(IFERROR(INDEX('Registro de Comisión'!$L$5:$L$304,MATCH($B11&"-ACT",'Registro de Comisión'!$N$5:$N$304,0)),"ALBUJA QUINTANA RODRIGO ALEJANDRO")),"Á","A"),"É","E"),"Í","I"),"Ó","O"),"Ú","U"),"Ü","U")) -> ALBUJA QUINTANA RODRIGO ALEJANDRO | W11: DIRECCION NACIONAL DE GESTION DE SERVICIOS
A12: 6 | B12: 1716262728 | C12: ZAMORA CORDOVA FELIX WLADIMIR | D12: QUITO | E12: INTENDENCIA NACIONAL DE SUPERVISION A ENTIDADES DEL SECTOR FINANCIERO POPULAR Y SOLIDARIO | F12: DIRECCION NACIONAL LEGAL DEL SECTOR FINANCIERO | G12: ANALISTA LEGAL DEL SECTOR FINANCIERO 2 | H12: SERVIDOR PUBLICO 7 | I12: 1676 | J12: =TRIM(SUBSTITUTE(SUBSTITUTE(SUBSTITUTE(SUBSTITUTE(SUBSTITUTE(SUBSTITUTE(UPPER(INDEX(tblPeriodos[Institución en el Período],MATCH(B12&"-1",tblPeriodos[Clave (uso interno)],0))),"Á","A"),"É","E"),"Í","I"),"Ó","O"),"Ú","U"),"Ü","U")) -> SECRETARIA TECNICA DEL COMITE DE COORDINACION DE LA FUNCION DE TRANSPARENCIA Y CONTROL SOCIAL | K12: =_xlfn.MINIFS(tblPeriodos[Fecha Inicio del Período],tblPeriodos[Cédula],B12) -> 45573 | L12: =_xlfn.MAXIFS(tblPeriodos[Fecha Fin del Período],tblPeriodos[Cédula],B12) -> 46302 | M12: =COUNTIFS(tblPeriodos[Cédula],B12) -> 1 | N12: =SUMIFS(tblPeriodos[Días del Período],tblPeriodos[Cédula],B12) -> 730 | O12: =ROUND(N12/365.25,1) -> 2 | P12: =EDATE(K12,72) -> 47764 | Q12: =P12-TODAY() -> 1490 | R12: =IF(Q12<=0,"🔴 SUPERO LIMITE LEGAL",IF(Q12<=180,"🟠 PROXIMO AL LIMITE (6 ANOS)",IF(Q12<=365,"🟡 VIGILAR (< 1 ANO)","🟢 DENTRO DEL LIMITE"))) -> 🟢 DENTRO DEL LIMITE | S12: =L12-TODAY() -> 28 | T12: =IF(S12<0,"🔴 COMISION VENCIDA",IF(S12<=90,"🟠 VENCE PRONTO (<=90 DIAS)",IF(S12<=180,"🟡 PROXIMA A VENCER (<=180 DIAS)","🟢 VIGENTE"))) -> 🟠 VENCE PRONTO (<=90 DIAS) | U12: =IF(ABS(N12-(L12-K12+1))<=3,"CONTINUA","CON INTERRUPCIONES - REVISAR") -> CONTINUA | V12: =TRIM(SUBSTITUTE(SUBSTITUTE(SUBSTITUTE(SUBSTITUTE(SUBSTITUTE(SUBSTITUTE(UPPER(IFERROR(INDEX('Registro de Comisión'!$L$5:$L$304,MATCH($B12&"-ACT",'Registro de Comisión'!$N$5:$N$304,0)),"CAÑIZARES LARCO VICTORIA ELIZABETH")),"Á","A"),"É","E"),"Í","I"),"Ó","O"),"Ú","U"),"Ü","U")) -> CAÑIZARES LARCO VICTORIA ELIZABETH | W12: DIRECCION NACIONAL LEGAL DEL SECTOR FINANCIERO
A13: 7 | B13: 1712422839 | C13: LOYOLA TRONCOSO JAIME EDUARDO | D13: QUITO | E13: INTENDENCIA NACIONAL DE TECNOLOGIAS DE LA INFORMACION Y COMUNICACIONES | F13: DIRECCION NACIONAL DE INFRAESTRUCTURA TECNOLOGICA Y OPERACIONES | G13: ANALISTA EN ASEGURAMIENTO Y CONTROL DE LA CALIDAD DE TECNOLOGIAS DE INFORMACION 2 | H13: SERVIDOR PUBLICO 7 | I13: 1676 | J13: =TRIM(SUBSTITUTE(SUBSTITUTE(SUBSTITUTE(SUBSTITUTE(SUBSTITUTE(SUBSTITUTE(UPPER(INDEX(tblPeriodos[Institución en el Período],MATCH(B13&"-1",tblPeriodos[Clave (uso interno)],0))),"Á","A"),"É","E"),"Í","I"),"Ó","O"),"Ú","U"),"Ü","U")) -> ADMINISTRACION GENERAL DEL GAD DEL DISTRITO METROPOLITANO DE QUITO | K13: =_xlfn.MINIFS(tblPeriodos[Fecha Inicio del Período],tblPeriodos[Cédula],B13) -> 45658 | L13: =_xlfn.MAXIFS(tblPeriodos[Fecha Fin del Período],tblPeriodos[Cédula],B13) -> 46053 | M13: =COUNTIFS(tblPeriodos[Cédula],B13) -> 2 | N13: =SUMIFS(tblPeriodos[Días del Período],tblPeriodos[Cédula],B13) -> 396 | O13: =ROUND(N13/365.25,1) -> 1.1 | P13: =EDATE(K13,72) -> 47849 | Q13: =P13-TODAY() -> 1575 | R13: =IF(Q13<=0,"🔴 SUPERO LIMITE LEGAL",IF(Q13<=180,"🟠 PROXIMO AL LIMITE (6 ANOS)",IF(Q13<=365,"🟡 VIGILAR (< 1 ANO)","🟢 DENTRO DEL LIMITE"))) -> 🟢 DENTRO DEL LIMITE | S13: =L13-TODAY() -> -221 | T13: =IF(S13<0,"🔴 COMISION VENCIDA",IF(S13<=90,"🟠 VENCE PRONTO (<=90 DIAS)",IF(S13<=180,"🟡 PROXIMA A VENCER (<=180 DIAS)","🟢 VIGENTE"))) -> 🔴 COMISION VENCIDA | U13: =IF(ABS(N13-(L13-K13+1))<=3,"CONTINUA","CON INTERRUPCIONES - REVISAR") -> CONTINUA | V13: =TRIM(SUBSTITUTE(SUBSTITUTE(SUBSTITUTE(SUBSTITUTE(SUBSTITUTE(SUBSTITUTE(UPPER(IFERROR(INDEX('Registro de Comisión'!$L$5:$L$304,MATCH($B13&"-ACT",'Registro de Comisión'!$N$5:$N$304,0)),"CAIZA PILLAJO SAIRA LORENA")),"Á","A"),"É","E"),"Í","I"),"Ó","O"),"Ú","U"),"Ü","U")) -> CAIZA PILLAJO SAIRA LORENA | W13: DIRECCION NACIONAL DE INFRAESTRUCTURA TECNOLOGICA Y OPERACIONES
A14: 8 | B14: 1719201822 | C14: RACINES NUÑEZ MARIA DANIELA | D14: QUITO | E14: INTENDENCIA NACIONAL DE SUPERVISION A ENTIDADES DEL SECTOR FINANCIERO POPULAR Y SOLIDARIO | F14: DIRECCION NACIONAL DE SUPERVISION A ENTIDADES DEL SECTOR FINANCIERO TIPO I | G14: ANALISTA DE AUDITORIA DEL SECTOR FINANCIERO | H14: SERVIDOR PUBLICO 5 | I14: 1212 | J14: =TRIM(SUBSTITUTE(SUBSTITUTE(SUBSTITUTE(SUBSTITUTE(SUBSTITUTE(SUBSTITUTE(UPPER(INDEX(tblPeriodos[Institución en el Período],MATCH(B14&"-1",tblPeriodos[Clave (uso interno)],0))),"Á","A"),"É","E"),"Í","I"),"Ó","O"),"Ú","U"),"Ü","U")) -> SUPERINTENDENCIA DE BANCOS | K14: =_xlfn.MINIFS(tblPeriodos[Fecha Inicio del Período],tblPeriodos[Cédula],B14) -> 45992 | L14: =_xlfn.MAXIFS(tblPeriodos[Fecha Fin del Período],tblPeriodos[Cédula],B14) -> 46356 | M14: =COUNTIFS(tblPeriodos[Cédula],B14) -> 1 | N14: =SUMIFS(tblPeriodos[Días del Período],tblPeriodos[Cédula],B14) -> 365 | O14: =ROUND(N14/365.25,1) -> 1 | P14: =EDATE(K14,72) -> 48183 | Q14: =P14-TODAY() -> 1909 | R14: =IF(Q14<=0,"🔴 SUPERO LIMITE LEGAL",IF(Q14<=180,"🟠 PROXIMO AL LIMITE (6 ANOS)",IF(Q14<=365,"🟡 VIGILAR (< 1 ANO)","🟢 DENTRO DEL LIMITE"))) -> 🟢 DENTRO DEL LIMITE | S14: =L14-TODAY() -> 82 | T14: =IF(S14<0,"🔴 COMISION VENCIDA",IF(S14<=90,"🟠 VENCE PRONTO (<=90 DIAS)",IF(S14<=180,"🟡 PROXIMA A VENCER (<=180 DIAS)","🟢 VIGENTE"))) -> 🟠 VENCE PRONTO (<=90 DIAS) | U14: =IF(ABS(N14-(L14-K14+1))<=3,"CONTINUA","CON INTERRUPCIONES - REVISAR") -> CONTINUA | V14: =TRIM(SUBSTITUTE(SUBSTITUTE(SUBSTITUTE(SUBSTITUTE(SUBSTITUTE(SUBSTITUTE(UPPER(IFERROR(INDEX('Registro de Comisión'!$L$5:$L$304,MATCH($B14&"-ACT",'Registro de Comisión'!$N$5:$N$304,0)),"CHAUCA ORTEGA MARIA FERNANDA")),"Á","A"),"É","E"),"Í","I"),"Ó","O"),"Ú","U"),"Ü","U")) -> CHAUCA ORTEGA MARIA FERNANDA | W14: DIRECCION NACIONAL DE SUPERVISION A ENTIDADES DEL SECTOR FINANCIERO TIPO I
A15: 9 | B15: 1717835407 | C15: PALLARES CASTRO DARIO XAVIER | D15: QUITO | E15: INTENDENCIA NACIONAL ADMINISTRATIVA FINANCIERA | F15: DIRECCION NACIONAL ADMINISTRATIVA | G15: ANALISTA ADMINISTRATIVO DE SERVICIOS GENERALES | H15: SERVIDOR PUBLICO 7 | I15: 1676 | J15: =TRIM(SUBSTITUTE(SUBSTITUTE(SUBSTITUTE(SUBSTITUTE(SUBSTITUTE(SUBSTITUTE(UPPER(INDEX(tblPeriodos[Institución en el Período],MATCH(B15&"-1",tblPeriodos[Clave (uso interno)],0))),"Á","A"),"É","E"),"Í","I"),"Ó","O"),"Ú","U"),"Ü","U")) -> MINISTERIO DEL TRABAJO | K15: =_xlfn.MINIFS(tblPeriodos[Fecha Inicio del Período],tblPeriodos[Cédula],B15) -> 45689 | L15: =_xlfn.MAXIFS(tblPeriodos[Fecha Fin del Período],tblPeriodos[Cédula],B15) -> 46568 | M15: =COUNTIFS(tblPeriodos[Cédula],B15) -> 3 | N15: =SUMIFS(tblPeriodos[Días del Período],tblPeriodos[Cédula],B15) -> 786 | O15: =ROUND(N15/365.25,1) -> 2.2 | P15: =EDATE(K15,72) -> 47880 | Q15: =P15-TODAY() -> 1606 | R15: =IF(Q15<=0,"🔴 SUPERO LIMITE LEGAL",IF(Q15<=180,"🟠 PROXIMO AL LIMITE (6 ANOS)",IF(Q15<=365,"🟡 VIGILAR (< 1 ANO)","🟢 DENTRO DEL LIMITE"))) -> 🟢 DENTRO DEL LIMITE | S15: =L15-TODAY() -> 294 | T15: =IF(S15<0,"🔴 COMISION VENCIDA",IF(S15<=90,"🟠 VENCE PRONTO (<=90 DIAS)",IF(S15<=180,"🟡 PROXIMA A VENCER (<=180 DIAS)","🟢 VIGENTE"))) -> 🟢 VIGENTE | U15: =IF(ABS(N15-(L15-K15+1))<=3,"CONTINUA","CON INTERRUPCIONES - REVISAR") -> CON INTERRUPCIONES - REVISAR | V15: =TRIM(SUBSTITUTE(SUBSTITUTE(SUBSTITUTE(SUBSTITUTE(SUBSTITUTE(SUBSTITUTE(UPPER(IFERROR(INDEX('Registro de Comisión'!$L$5:$L$304,MATCH($B15&"-ACT",'Registro de Comisión'!$N$5:$N$304,0)),"ALVEAR VALDIVIESO BYRON RAMIRO")),"Á","A"),"É","E"),"Í","I"),"Ó","O"),"Ú","U"),"Ü","U")) -> ALVEAR VALDIVIESO BYRON RAMIRO | W15: DIRECCION NACIONAL ADMINISTRATIVA
A16: 10 | B16: 1718348913 | C16: BURBANO PALACIOS MARIA EUGENIA | D16: QUITO | E16: INTENDENCIA NACIONAL ADMINISTRATIVA FINANCIERA | F16: DIRECCION NACIONAL ADMINISTRATIVA | G16: ANALISTA DE COMPRAS | H16: SERVIDOR PUBLICO 5 | I16: 1212 | J16: =TRIM(SUBSTITUTE(SUBSTITUTE(SUBSTITUTE(SUBSTITUTE(SUBSTITUTE(SUBSTITUTE(UPPER(INDEX(tblPeriodos[Institución en el Período],MATCH(B16&"-1",tblPeriodos[Clave (uso interno)],0))),"Á","A"),"É","E"),"Í","I"),"Ó","O"),"Ú","U"),"Ü","U")) -> VICEPRESIDENCIA DE LA REPUBLICA DEL ECUADOR | K16: =_xlfn.MINIFS(tblPeriodos[Fecha Inicio del Período],tblPeriodos[Cédula],B16) -> 45689 | L16: =_xlfn.MAXIFS(tblPeriodos[Fecha Fin del Período],tblPeriodos[Cédula],B16) -> 46112 | M16: =COUNTIFS(tblPeriodos[Cédula],B16) -> 2 | N16: =SUMIFS(tblPeriodos[Días del Período],tblPeriodos[Cédula],B16) -> 421 | O16: =ROUND(N16/365.25,1) -> 1.2 | P16: =EDATE(K16,72) -> 47880 | Q16: =P16-TODAY() -> 1606 | R16: =IF(Q16<=0,"🔴 SUPERO LIMITE LEGAL",IF(Q16<=180,"🟠 PROXIMO AL LIMITE (6 ANOS)",IF(Q16<=365,"🟡 VIGILAR (< 1 ANO)","🟢 DENTRO DEL LIMITE"))) -> 🟢 DENTRO DEL LIMITE | S16: =L16-TODAY() -> -162 | T16: =IF(S16<0,"🔴 COMISION VENCIDA",IF(S16<=90,"🟠 VENCE PRONTO (<=90 DIAS)",IF(S16<=180,"🟡 PROXIMA A VENCER (<=180 DIAS)","🟢 VIGENTE"))) -> 🔴 COMISION VENCIDA | U16: =IF(ABS(N16-(L16-K16+1))<=3,"CONTINUA","CON INTERRUPCIONES - REVISAR") -> CONTINUA | V16: =TRIM(SUBSTITUTE(SUBSTITUTE(SUBSTITUTE(SUBSTITUTE(SUBSTITUTE(SUBSTITUTE(UPPER(IFERROR(INDEX('Registro de Comisión'!$L$5:$L$304,MATCH($B16&"-ACT",'Registro de Comisión'!$N$5:$N$304,0)),"INACTIVO TEMPORALMENTE")),"Á","A"),"É","E"),"Í","I"),"Ó","O"),"Ú","U"),"Ü","U")) -> INACTIVO TEMPORALMENTE | W16: INACTIVO TEMPORALMENTE
A17: 11 | B17: 1802226850 | C17: SALAZAR BERMEO TERESA ELIZABETH | D17: QUITO | E17: INTENDENCIA NACIONAL DE SUPERVISION A ORGANIZACIONES DE LA ECONOMIA POPULAR Y SOLIDARIA | F17: DIRECCION NACIONAL DE SUPERVISION A ORGANIZACIONES DE LA ECONOMIA POPULAR Y SOLIDARIA | G17: ANALISTA DE SUPERVISION AUXILIAR DE LA EPS 2 | H17: SERVIDOR PUBLICO 7 | I17: 1676 | J17: =TRIM(SUBSTITUTE(SUBSTITUTE(SUBSTITUTE(SUBSTITUTE(SUBSTITUTE(SUBSTITUTE(UPPER(INDEX(tblPeriodos[Institución en el Período],MATCH(B17&"-1",tblPeriodos[Clave (uso interno)],0))),"Á","A"),"É","E"),"Í","I"),"Ó","O"),"Ú","U"),"Ü","U")) -> EMPRESA PUBLICA DE HIDROCARBUROS DEL ECUADOR EP PETROECUADOR | K17: =_xlfn.MINIFS(tblPeriodos[Fecha Inicio del Período],tblPeriodos[Cédula],B17) -> 45978 | L17: =_xlfn.MAXIFS(tblPeriodos[Fecha Fin del Período],tblPeriodos[Cédula],B17) -> 46342 | M17: =COUNTIFS(tblPeriodos[Cédula],B17) -> 1 | N17: =SUMIFS(tblPeriodos[Días del Período],tblPeriodos[Cédula],B17) -> 365 | O17: =ROUND(N17/365.25,1) -> 1 | P17: =EDATE(K17,72) -> 48169 | Q17: =P17-TODAY() -> 1895 | R17: =IF(Q17<=0,"🔴 SUPERO LIMITE LEGAL",IF(Q17<=180,"🟠 PROXIMO AL LIMITE (6 ANOS)",IF(Q17<=365,"🟡 VIGILAR (< 1 ANO)","🟢 DENTRO DEL LIMITE"))) -> 🟢 DENTRO DEL LIMITE | S17: =L17-TODAY() -> 68 | T17: =IF(S17<0,"🔴 COMISION VENCIDA",IF(S17<=90,"🟠 VENCE PRONTO (<=90 DIAS)",IF(S17<=180,"🟡 PROXIMA A VENCER (<=180 DIAS)","🟢 VIGENTE"))) -> 🟠 VENCE PRONTO (<=90 DIAS) | U17: =IF(ABS(N17-(L17-K17+1))<=3,"CONTINUA","CON INTERRUPCIONES - REVISAR") -> CONTINUA | V17: =TRIM(SUBSTITUTE(SUBSTITUTE(SUBSTITUTE(SUBSTITUTE(SUBSTITUTE(SUBSTITUTE(UPPER(IFERROR(INDEX('Registro de Comisión'!$L$5:$L$304,MATCH($B17&"-ACT",'Registro de Comisión'!$N$5:$N$304,0)),"SIN REGISTRAR")),"Á","A"),"É","E"),"Í","I"),"Ó","O"),"Ú","U"),"Ü","U")) -> SIN REGISTRAR
A18: 12 | B18: 0302025838 | C18: CRESPO CARDENAS DAVID GERARDO | D18: CUENCA | E18: DIRECCION ZONAL 5 | F18: UNIDAD LEGAL DEL SECTOR FINANCIERO | G18: ANALISTA LEGAL DEL SECTOR FINANCIERO ZONAL 2 | H18: SERVIDOR PUBLICO 7 | I18: 1676 | J18: =TRIM(SUBSTITUTE(SUBSTITUTE(SUBSTITUTE(SUBSTITUTE(SUBSTITUTE(SUBSTITUTE(UPPER(INDEX(tblPeriodos[Institución en el Período],MATCH(B18&"-1",tblPeriodos[Clave (uso interno)],0))),"Á","A"),"É","E"),"Í","I"),"Ó","O"),"Ú","U"),"Ü","U")) -> GOBERNACION DE LA PROVINCIA DEL CAÑAR | K18: =_xlfn.MINIFS(tblPeriodos[Fecha Inicio del Período],tblPeriodos[Cédula],B18) -> 46013 | L18: =_xlfn.MAXIFS(tblPeriodos[Fecha Fin del Período],tblPeriodos[Cédula],B18) -> 46377 | M18: =COUNTIFS(tblPeriodos[Cédula],B18) -> 1 | N18: =SUMIFS(tblPeriodos[Días del Período],tblPeriodos[Cédula],B18) -> 365 | O18: =ROUND(N18/365.25,1) -> 1 | P18: =EDATE(K18,72) -> 48204 | Q18: =P18-TODAY() -> 1930 | R18: =IF(Q18<=0,"🔴 SUPERO LIMITE LEGAL",IF(Q18<=180,"🟠 PROXIMO AL LIMITE (6 ANOS)",IF(Q18<=365,"🟡 VIGILAR (< 1 ANO)","🟢 DENTRO DEL LIMITE"))) -> 🟢 DENTRO DEL LIMITE | S18: =L18-TODAY() -> 103 | T18: =IF(S18<0,"🔴 COMISION VENCIDA",IF(S18<=90,"🟠 VENCE PRONTO (<=90 DIAS)",IF(S18<=180,"🟡 PROXIMA A VENCER (<=180 DIAS)","🟢 VIGENTE"))) -> 🟡 PROXIMA A VENCER (<=180 DIAS) | U18: =IF(ABS(N18-(L18-K18+1))<=3,"CONTINUA","CON INTERRUPCIONES - REVISAR") -> CONTINUA | V18: =TRIM(SUBSTITUTE(SUBSTITUTE(SUBSTITUTE(SUBSTITUTE(SUBSTITUTE(SUBSTITUTE(UPPER(IFERROR(INDEX('Registro de Comisión'!$L$5:$L$304,MATCH($B18&"-ACT",'Registro de Comisión'!$N$5:$N$304,0)),"SIN REGISTRAR")),"Á","A"),"É","E"),"Í","I"),"Ó","O"),"Ú","U"),"Ü","U")) -> SIN REGISTRAR
A19: 13 | B19: 1715408819 | C19: BRICEÑO PILA ANA MARIA | D19: QUITO | E19: INTENDENCIA NACIONAL DE RIESGOS | F19: DIRECCION NACIONAL DE SEGUIMIENTO | G19: ANALISTA DE SUPERVISION AUXILIAR DE LA EPS 1 | H19: SERVIDOR PUBLICO 5 | I19: 1212 | J19: =TRIM(SUBSTITUTE(SUBSTITUTE(SUBSTITUTE(SUBSTITUTE(SUBSTITUTE(SUBSTITUTE(UPPER(INDEX(tblPeriodos[Institución en el Período],MATCH(B19&"-1",tblPeriodos[Clave (uso interno)],0))),"Á","A"),"É","E"),"Í","I"),"Ó","O"),"Ú","U"),"Ü","U")) -> EMPRESA PUBLICA DE HIDROCARBUROS DEL ECUADOR EP PETROECUADOR | K19: =_xlfn.MINIFS(tblPeriodos[Fecha Inicio del Período],tblPeriodos[Cédula],B19) -> 46113 | L19: =_xlfn.MAXIFS(tblPeriodos[Fecha Fin del Período],tblPeriodos[Cédula],B19) -> 46843 | M19: =COUNTIFS(tblPeriodos[Cédula],B19) -> 1 | N19: =SUMIFS(tblPeriodos[Días del Período],tblPeriodos[Cédula],B19) -> 731 | O19: =ROUND(N19/365.25,1) -> 2 | P19: =EDATE(K19,72) -> 48305 | Q19: =P19-TODAY() -> 2031 | R19: =IF(Q19<=0,"🔴 SUPERO LIMITE LEGAL",IF(Q19<=180,"🟠 PROXIMO AL LIMITE (6 ANOS)",IF(Q19<=365,"🟡 VIGILAR (< 1 ANO)","🟢 DENTRO DEL LIMITE"))) -> 🟢 DENTRO DEL LIMITE | S19: =L19-TODAY() -> 569 | T19: =IF(S19<0,"🔴 COMISION VENCIDA",IF(S19<=90,"🟠 VENCE PRONTO (<=90 DIAS)",IF(S19<=180,"🟡 PROXIMA A VENCER (<=180 DIAS)","🟢 VIGENTE"))) -> 🟢 VIGENTE | U19: =IF(ABS(N19-(L19-K19+1))<=3,"CONTINUA","CON INTERRUPCIONES - REVISAR") -> CONTINUA | V19: =TRIM(SUBSTITUTE(SUBSTITUTE(SUBSTITUTE(SUBSTITUTE(SUBSTITUTE(SUBSTITUTE(UPPER(IFERROR(INDEX('Registro de Comisión'!$L$5:$L$304,MATCH($B19&"-ACT",'Registro de Comisión'!$N$5:$N$304,0)),"SIN REGISTRAR")),"Á","A"),"É","E"),"Í","I"),"Ó","O"),"Ú","U"),"Ü","U")) -> SIN REGISTRAR
A20: 14 | B20: 1725390221 | C20: PAUCAR AREVALO JACQUELINE ESTEFANIA | D20: QUITO | E20: INTENDENCIA NACIONAL DE GESTION DE LA INFORMACION Y NORMATIVA TECNICA | F20: DIRECCION NACIONAL DE ESTUDIOS, DESARROLLO E INNOVACION | G20: ANALISTA DE INVESTIGACION Y CAPACITACION 1 | H20: SERVIDOR PUBLICO 5 | I20: 1212 | J20: =TRIM(SUBSTITUTE(SUBSTITUTE(SUBSTITUTE(SUBSTITUTE(SUBSTITUTE(SUBSTITUTE(UPPER(INDEX(tblPeriodos[Institución en el Período],MATCH(B20&"-1",tblPeriodos[Clave (uso interno)],0))),"Á","A"),"É","E"),"Í","I"),"Ó","O"),"Ú","U"),"Ü","U")) -> BANCO DEL INSTITUTO ECUATORIANO DE SEGURIDAD SOCIAL BIESS | K20: =_xlfn.MINIFS(tblPeriodos[Fecha Inicio del Período],tblPeriodos[Cédula],B20) -> 46113 | L20: =_xlfn.MAXIFS(tblPeriodos[Fecha Fin del Período],tblPeriodos[Cédula],B20) -> 46477 | M20: =COUNTIFS(tblPeriodos[Cédula],B20) -> 1 | N20: =SUMIFS(tblPeriodos[Días del Período],tblPeriodos[Cédula],B20) -> 365 | O20: =ROUND(N20/365.25,1) -> 1 | P20: =EDATE(K20,72) -> 48305 | Q20: =P20-TODAY() -> 2031 | R20: =IF(Q20<=0,"🔴 SUPERO LIMITE LEGAL",IF(Q20<=180,"🟠 PROXIMO AL LIMITE (6 ANOS)",IF(Q20<=365,"🟡 VIGILAR (< 1 ANO)","🟢 DENTRO DEL LIMITE"))) -> 🟢 DENTRO DEL LIMITE | S20: =L20-TODAY() -> 203 | T20: =IF(S20<0,"🔴 COMISION VENCIDA",IF(S20<=90,"🟠 VENCE PRONTO (<=90 DIAS)",IF(S20<=180,"🟡 PROXIMA A VENCER (<=180 DIAS)","🟢 VIGENTE"))) -> 🟢 VIGENTE | U20: =IF(ABS(N20-(L20-K20+1))<=3,"CONTINUA","CON INTERRUPCIONES - REVISAR") -> CONTINUA | V20: =TRIM(SUBSTITUTE(SUBSTITUTE(SUBSTITUTE(SUBSTITUTE(SUBSTITUTE(SUBSTITUTE(UPPER(IFERROR(INDEX('Registro de Comisión'!$L$5:$L$304,MATCH($B20&"-ACT",'Registro de Comisión'!$N$5:$N$304,0)),"SIN REGISTRAR")),"Á","A"),"É","E"),"Í","I"),"Ó","O"),"Ú","U"),"Ü","U")) -> SIN REGISTRAR
A21: 15 | B21: 1721084919 | C21: BEDON VELASCO KARINA SALOME | D21: QUITO | E21: INTENDENCIA NACIONAL ADMINISTRATIVA FINANCIERA | F21: DIRECCION NACIONAL ADMINISTRATIVA | G21: ASISTENTE DE COMPRAS PUBLICAS | H21: SERVIDOR PUBLICO 1 | I21: 817 | J21: =TRIM(SUBSTITUTE(SUBSTITUTE(SUBSTITUTE(SUBSTITUTE(SUBSTITUTE(SUBSTITUTE(UPPER(INDEX(tblPeriodos[Institución en el Período],MATCH(B21&"-1",tblPeriodos[Clave (uso interno)],0))),"Á","A"),"É","E"),"Í","I"),"Ó","O"),"Ú","U"),"Ü","U")) -> CONSORCIO DE GOBIERNOS AUTONOMOS PROVINCIALES DEL ECUADOR CONGOPE | K21: =_xlfn.MINIFS(tblPeriodos[Fecha Inicio del Período],tblPeriodos[Cédula],B21) -> 46132 | L21: =_xlfn.MAXIFS(tblPeriodos[Fecha Fin del Período],tblPeriodos[Cédula],B21) -> 46265 | M21: =COUNTIFS(tblPeriodos[Cédula],B21) -> 1 | N21: =SUMIFS(tblPeriodos[Días del Período],tblPeriodos[Cédula],B21) -> 134 | O21: =ROUND(N21/365.25,1) -> 0.4 | P21: =EDATE(K21,72) -> 48324 | Q21: =P21-TODAY() -> 2050 | R21: =IF(Q21<=0,"🔴 SUPERO LIMITE LEGAL",IF(Q21<=180,"🟠 PROXIMO AL LIMITE (6 ANOS)",IF(Q21<=365,"🟡 VIGILAR (< 1 ANO)","🟢 DENTRO DEL LIMITE"))) -> 🟢 DENTRO DEL LIMITE | S21: =L21-TODAY() -> -9 | T21: =IF(S21<0,"🔴 COMISION VENCIDA",IF(S21<=90,"🟠 VENCE PRONTO (<=90 DIAS)",IF(S21<=180,"🟡 PROXIMA A VENCER (<=180 DIAS)","🟢 VIGENTE"))) -> 🔴 COMISION VENCIDA | U21: =IF(ABS(N21-(L21-K21+1))<=3,"CONTINUA","CON INTERRUPCIONES - REVISAR") -> CONTINUA | V21: =TRIM(SUBSTITUTE(SUBSTITUTE(SUBSTITUTE(SUBSTITUTE(SUBSTITUTE(SUBSTITUTE(UPPER(IFERROR(INDEX('Registro de Comisión'!$L$5:$L$304,MATCH($B21&"-ACT",'Registro de Comisión'!$N$5:$N$304,0)),"SIN REGISTRAR")),"Á","A"),"É","E"),"Í","I"),"Ó","O"),"Ú","U"),"Ü","U")) -> SIN REGISTRAR
A22: =IF($B22="","",ROW()-6) | B22: =IFERROR(INDEX('Registro de Comisión'!$A$5:$A$304,MATCH(ROW()-21,'Registro de Comisión'!$P$5:$P$304,0)),"") | C22: =IF($B22="","",TRIM(SUBSTITUTE(SUBSTITUTE(SUBSTITUTE(SUBSTITUTE(SUBSTITUTE(SUBSTITUTE(UPPER(IFERROR(INDEX('Registro de Comisión'!$B$5:$B$304,MATCH(ROW()-21,'Registro de Comisión'!$P$5:$P$304,0)),"")),"Á","A"),"É","E"),"Í","I"),"Ó","O"),"Ú","U"),"Ü","U"))) | D22: =IF($B22="","",TRIM(SUBSTITUTE(SUBSTITUTE(SUBSTITUTE(SUBSTITUTE(SUBSTITUTE(SUBSTITUTE(UPPER(IFERROR(INDEX('Registro de Comisión'!$C$5:$C$304,MATCH(ROW()-21,'Registro de Comisión'!$P$5:$P$304,0)),"")),"Á","A"),"É","E"),"Í","I"),"Ó","O"),"Ú","U"),"Ü","U"))) | E22: =IF($B22="","",TRIM(SUBSTITUTE(SUBSTITUTE(SUBSTITUTE(SUBSTITUTE(SUBSTITUTE(SUBSTITUTE(UPPER(IFERROR(INDEX('Registro de Comisión'!$D$5:$D$304,MATCH(ROW()-21,'Registro de Comisión'!$P$5:$P$304,0)),"")),"Á","A"),"É","E"),"Í","I"),"Ó","O"),"Ú","U"),"Ü","U"))) | F22: =IF($B22="","",TRIM(SUBSTITUTE(SUBSTITUTE(SUBSTITUTE(SUBSTITUTE(SUBSTITUTE(SUBSTITUTE(UPPER(IFERROR(INDEX('Registro de Comisión'!$E$5:$E$304,MATCH(ROW()-21,'Registro de Comisión'!$P$5:$P$304,0)),"")),"Á","A"),"É","E"),"Í","I"),"Ó","O"),"Ú","U"),"Ü","U"))) | G22: =IF($B22="","",TRIM(SUBSTITUTE(SUBSTITUTE(SUBSTITUTE(SUBSTITUTE(SUBSTITUTE(SUBSTITUTE(UPPER(IFERROR(INDEX('Registro de Comisión'!$F$5:$F$304,MATCH(ROW()-21,'Registro de Comisión'!$P$5:$P$304,0)),"")),"Á","A"),"É","E"),"Í","I"),"Ó","O"),"Ú","U"),"Ü","U"))) | H22: =IF($B22="","",TRIM(SUBSTITUTE(SUBSTITUTE(SUBSTITUTE(SUBSTITUTE(SUBSTITUTE(SUBSTITUTE(UPPER(IFERROR(INDEX('Registro de Comisión'!$G$5:$G$304,MATCH(ROW()-21,'Registro de Comisión'!$P$5:$P$304,0)),"")),"Á","A"),"É","E"),"Í","I"),"Ó","O"),"Ú","U"),"Ü","U"))) | I22: =IF($B22="","",IFERROR(INDEX('Registro de Comisión'!$H$5:$H$304,MATCH(ROW()-21,'Registro de Comisión'!$P$5:$P$304,0)),"")) | J22: =IF($B22="","",TRIM(SUBSTITUTE(SUBSTITUTE(SUBSTITUTE(SUBSTITUTE(SUBSTITUTE(SUBSTITUTE(UPPER(IFERROR(INDEX(tblPeriodos[Institución en el Período],MATCH($B22&"-1",tblPeriodos[Clave (uso interno)],0)),"SIN PERIODO REGISTRADO")),"Á","A"),"É","E"),"Í","I"),"Ó","O"),"Ú","U"),"Ü","U"))) | K22: =IF($B22="","",IFERROR(_xlfn.MINIFS(tblPeriodos[Fecha Inicio del Período],tblPeriodos[Cédula],$B22),"")) | L22: =IF($B22="","",IFERROR(_xlfn.MAXIFS(tblPeriodos[Fecha Fin del Período],tblPeriodos[Cédula],$B22),"")) | M22: =IF($B22="","",COUNTIFS(tblPeriodos[Cédula],$B22)) | N22: =IF($B22="","",SUMIFS(tblPeriodos[Días del Período],tblPeriodos[Cédula],$B22)) | O22: =IF($B22="","",ROUND(N22/365.25,1)) | P22: =IF($B22="","",EDATE(K22,72)) | Q22: =IF($B22="","",P22-TODAY()) | R22: =IF($B22="","",IF(Q22<=0,"🔴 SUPERO LIMITE LEGAL",IF(Q22<=180,"🟠 PROXIMO AL LIMITE (6 ANOS)",IF(Q22<=365,"🟡 VIGILAR (< 1 ANO)","🟢 DENTRO DEL LIMITE")))) | S22: =IF($B22="","",L22-TODAY()) | T22: =IF($B22="","",IF(S22<0,"🔴 COMISION VENCIDA",IF(S22<=90,"🟠 VENCE PRONTO (<=90 DIAS)",IF(S22<=180,"🟡 PROXIMA A VENCER (<=180 DIAS)","🟢 VIGENTE")))) | U22: =IF($B22="","",IF(ABS(N22-(L22-K22+1))<=3,"CONTINUA","CON INTERRUPCIONES - REVISAR")) | V22: =IF($B22="","",TRIM(SUBSTITUTE(SUBSTITUTE(SUBSTITUTE(SUBSTITUTE(SUBSTITUTE(SUBSTITUTE(UPPER(IFERROR(INDEX('Registro de Comisión'!$L$5:$L$304,MATCH($B22&"-ACT",'Registro de Comisión'!$N$5:$N$304,0)),"SIN REGISTRAR")),"Á","A"),"É","E"),"Í","I"),"Ó","O"),"Ú","U"),"Ü","U")))
A23: =IF($B23="","",ROW()-6) | B23: =IFERROR(INDEX('Registro de Comisión'!$A$5:$A$304,MATCH(ROW()-21,'Registro de Comisión'!$P$5:$P$304,0)),"") | C23: =IF($B23="","",TRIM(SUBSTITUTE(SUBSTITUTE(SUBSTITUTE(SUBSTITUTE(SUBSTITUTE(SUBSTITUTE(UPPER(IFERROR(INDEX('Registro de Comisión'!$B$5:$B$304,MATCH(ROW()-21,'Registro de Comisión'!$P$5:$P$304,0)),"")),"Á","A"),"É","E"),"Í","I"),"Ó","O"),"Ú","U"),"Ü","U"))) | D23: =IF($B23="","",TRIM(SUBSTITUTE(SUBSTITUTE(SUBSTITUTE(SUBSTITUTE(SUBSTITUTE(SUBSTITUTE(UPPER(IFERROR(INDEX('Registro de Comisión'!$C$5:$C$304,MATCH(ROW()-21,'Registro de Comisión'!$P$5:$P$304,0)),"")),"Á","A"),"É","E"),"Í","I"),"Ó","O"),"Ú","U"),"Ü","U"))) | E23: =IF($B23="","",TRIM(SUBSTITUTE(SUBSTITUTE(SUBSTITUTE(SUBSTITUTE(SUBSTITUTE(SUBSTITUTE(UPPER(IFERROR(INDEX('Registro de Comisión'!$D$5:$D$304,MATCH(ROW()-21,'Registro de Comisión'!$P$5:$P$304,0)),"")),"Á","A"),"É","E"),"Í","I"),"Ó","O"),"Ú","U"),"Ü","U"))) | F23: =IF($B23="","",TRIM(SUBSTITUTE(SUBSTITUTE(SUBSTITUTE(SUBSTITUTE(SUBSTITUTE(SUBSTITUTE(UPPER(IFERROR(INDEX('Registro de Comisión'!$E$5:$E$304,MATCH(ROW()-21,'Registro de Comisión'!$P$5:$P$304,0)),"")),"Á","A"),"É","E"),"Í","I"),"Ó","O"),"Ú","U"),"Ü","U"))) | G23: =IF($B23="","",TRIM(SUBSTITUTE(SUBSTITUTE(SUBSTITUTE(SUBSTITUTE(SUBSTITUTE(SUBSTITUTE(UPPER(IFERROR(INDEX('Registro de Comisión'!$F$5:$F$304,MATCH(ROW()-21,'Registro de Comisión'!$P$5:$P$304,0)),"")),"Á","A"),"É","E"),"Í","I"),"Ó","O"),"Ú","U"),"Ü","U"))) | H23: =IF($B23="","",TRIM(SUBSTITUTE(SUBSTITUTE(SUBSTITUTE(SUBSTITUTE(SUBSTITUTE(SUBSTITUTE(UPPER(IFERROR(INDEX('Registro de Comisión'!$G$5:$G$304,MATCH(ROW()-21,'Registro de Comisión'!$P$5:$P$304,0)),"")),"Á","A"),"É","E"),"Í","I"),"Ó","O"),"Ú","U"),"Ü","U"))) | I23: =IF($B23="","",IFERROR(INDEX('Registro de Comisión'!$H$5:$H$304,MATCH(ROW()-21,'Registro de Comisión'!$P$5:$P$304,0)),"")) | J23: =IF($B23="","",TRIM(SUBSTITUTE(SUBSTITUTE(SUBSTITUTE(SUBSTITUTE(SUBSTITUTE(SUBSTITUTE(UPPER(IFERROR(INDEX(tblPeriodos[Institución en el Período],MATCH($B23&"-1",tblPeriodos[Clave (uso interno)],0)),"SIN PERIODO REGISTRADO")),"Á","A"),"É","E"),"Í","I"),"Ó","O"),"Ú","U"),"Ü","U"))) | K23: =IF($B23="","",IFERROR(_xlfn.MINIFS(tblPeriodos[Fecha Inicio del Período],tblPeriodos[Cédula],$B23),"")) | L23: =IF($B23="","",IFERROR(_xlfn.MAXIFS(tblPeriodos[Fecha Fin del Período],tblPeriodos[Cédula],$B23),"")) | M23: =IF($B23="","",COUNTIFS(tblPeriodos[Cédula],$B23)) | N23: =IF($B23="","",SUMIFS(tblPeriodos[Días del Período],tblPeriodos[Cédula],$B23)) | O23: =IF($B23="","",ROUND(N23/365.25,1)) | P23: =IF($B23="","",EDATE(K23,72)) | Q23: =IF($B23="","",P23-TODAY()) | R23: =IF($B23="","",IF(Q23<=0,"🔴 SUPERO LIMITE LEGAL",IF(Q23<=180,"🟠 PROXIMO AL LIMITE (6 ANOS)",IF(Q23<=365,"🟡 VIGILAR (< 1 ANO)","🟢 DENTRO DEL LIMITE")))) | S23: =IF($B23="","",L23-TODAY()) | T23: =IF($B23="","",IF(S23<0,"🔴 COMISION VENCIDA",IF(S23<=90,"🟠 VENCE PRONTO (<=90 DIAS)",IF(S23<=180,"🟡 PROXIMA A VENCER (<=180 DIAS)","🟢 VIGENTE")))) | U23: =IF($B23="","",IF(ABS(N23-(L23-K23+1))<=3,"CONTINUA","CON INTERRUPCIONES - REVISAR")) | V23: =IF($B23="","",TRIM(SUBSTITUTE(SUBSTITUTE(SUBSTITUTE(SUBSTITUTE(SUBSTITUTE(SUBSTITUTE(UPPER(IFERROR(INDEX('Registro de Comisión'!$L$5:$L$304,MATCH($B23&"-ACT",'Registro de Comisión'!$N$5:$N$304,0)),"SIN REGISTRAR")),"Á","A"),"É","E"),"Í","I"),"Ó","O"),"Ú","U"),"Ü","U")))
A24: =IF($B24="","",ROW()-6) | B24: =IFERROR(INDEX('Registro de Comisión'!$A$5:$A$304,MATCH(ROW()-21,'Registro de Comisión'!$P$5:$P$304,0)),"") | C24: =IF($B24="","",TRIM(SUBSTITUTE(SUBSTITUTE(SUBSTITUTE(SUBSTITUTE(SUBSTITUTE(SUBSTITUTE(UPPER(IFERROR(INDEX('Registro de Comisión'!$B$5:$B$304,MATCH(ROW()-21,'Registro de Comisión'!$P$5:$P$304,0)),"")),"Á","A"),"É","E"),"Í","I"),"Ó","O"),"Ú","U"),"Ü","U"))) | D24: =IF($B24="","",TRIM(SUBSTITUTE(SUBSTITUTE(SUBSTITUTE(SUBSTITUTE(SUBSTITUTE(SUBSTITUTE(UPPER(IFERROR(INDEX('Registro de Comisión'!$C$5:$C$304,MATCH(ROW()-21,'Registro de Comisión'!$P$5:$P$304,0)),"")),"Á","A"),"É","E"),"Í","I"),"Ó","O"),"Ú","U"),"Ü","U"))) | E24: =IF($B24="","",TRIM(SUBSTITUTE(SUBSTITUTE(SUBSTITUTE(SUBSTITUTE(SUBSTITUTE(SUBSTITUTE(UPPER(IFERROR(INDEX('Registro de Comisión'!$D$5:$D$304,MATCH(ROW()-21,'Registro de Comisión'!$P$5:$P$304,0)),"")),"Á","A"),"É","E"),"Í","I"),"Ó","O"),"Ú","U"),"Ü","U"))) | F24: =IF($B24="","",TRIM(SUBSTITUTE(SUBSTITUTE(SUBSTITUTE(SUBSTITUTE(SUBSTITUTE(SUBSTITUTE(UPPER(IFERROR(INDEX('Registro de Comisión'!$E$5:$E$304,MATCH(ROW()-21,'Registro de Comisión'!$P$5:$P$304,0)),"")),"Á","A"),"É","E"),"Í","I"),"Ó","O"),"Ú","U"),"Ü","U"))) | G24: =IF($B24="","",TRIM(SUBSTITUTE(SUBSTITUTE(SUBSTITUTE(SUBSTITUTE(SUBSTITUTE(SUBSTITUTE(UPPER(IFERROR(INDEX('Registro de Comisión'!$F$5:$F$304,MATCH(ROW()-21,'Registro de Comisión'!$P$5:$P$304,0)),"")),"Á","A"),"É","E"),"Í","I"),"Ó","O"),"Ú","U"),"Ü","U"))) | H24: =IF($B24="","",TRIM(SUBSTITUTE(SUBSTITUTE(SUBSTITUTE(SUBSTITUTE(SUBSTITUTE(SUBSTITUTE(UPPER(IFERROR(INDEX('Registro de Comisión'!$G$5:$G$304,MATCH(ROW()-21,'Registro de Comisión'!$P$5:$P$304,0)),"")),"Á","A"),"É","E"),"Í","I"),"Ó","O"),"Ú","U"),"Ü","U"))) | I24: =IF($B24="","",IFERROR(INDEX('Registro de Comisión'!$H$5:$H$304,MATCH(ROW()-21,'Registro de Comisión'!$P$5:$P$304,0)),"")) | J24: =IF($B24="","",TRIM(SUBSTITUTE(SUBSTITUTE(SUBSTITUTE(SUBSTITUTE(SUBSTITUTE(SUBSTITUTE(UPPER(IFERROR(INDEX(tblPeriodos[Institución en el Período],MATCH($B24&"-1",tblPeriodos[Clave (uso interno)],0)),"SIN PERIODO REGISTRADO")),"Á","A"),"É","E"),"Í","I"),"Ó","O"),"Ú","U"),"Ü","U"))) | K24: =IF($B24="","",IFERROR(_xlfn.MINIFS(tblPeriodos[Fecha Inicio del Período],tblPeriodos[Cédula],$B24),"")) | L24: =IF($B24="","",IFERROR(_xlfn.MAXIFS(tblPeriodos[Fecha Fin del Período],tblPeriodos[Cédula],$B24),"")) | M24: =IF($B24="","",COUNTIFS(tblPeriodos[Cédula],$B24)) | N24: =IF($B24="","",SUMIFS(tblPeriodos[Días del Período],tblPeriodos[Cédula],$B24)) | O24: =IF($B24="","",ROUND(N24/365.25,1)) | P24: =IF($B24="","",EDATE(K24,72)) | Q24: =IF($B24="","",P24-TODAY()) | R24: =IF($B24="","",IF(Q24<=0,"🔴 SUPERO LIMITE LEGAL",IF(Q24<=180,"🟠 PROXIMO AL LIMITE (6 ANOS)",IF(Q24<=365,"🟡 VIGILAR (< 1 ANO)","🟢 DENTRO DEL LIMITE")))) | S24: =IF($B24="","",L24-TODAY()) | T24: =IF($B24="","",IF(S24<0,"🔴 COMISION VENCIDA",IF(S24<=90,"🟠 VENCE PRONTO (<=90 DIAS)",IF(S24<=180,"🟡 PROXIMA A VENCER (<=180 DIAS)","🟢 VIGENTE")))) | U24: =IF($B24="","",IF(ABS(N24-(L24-K24+1))<=3,"CONTINUA","CON INTERRUPCIONES - REVISAR")) | V24: =IF($B24="","",TRIM(SUBSTITUTE(SUBSTITUTE(SUBSTITUTE(SUBSTITUTE(SUBSTITUTE(SUBSTITUTE(UPPER(IFERROR(INDEX('Registro de Comisión'!$L$5:$L$304,MATCH($B24&"-ACT",'Registro de Comisión'!$N$5:$N$304,0)),"SIN REGISTRAR")),"Á","A"),"É","E"),"Í","I"),"Ó","O"),"Ú","U"),"Ü","U")))
A25: =IF($B25="","",ROW()-6) | B25: =IFERROR(INDEX('Registro de Comisión'!$A$5:$A$304,MATCH(ROW()-21,'Registro de Comisión'!$P$5:$P$304,0)),"") | C25: =IF($B25="","",TRIM(SUBSTITUTE(SUBSTITUTE(SUBSTITUTE(SUBSTITUTE(SUBSTITUTE(SUBSTITUTE(UPPER(IFERROR(INDEX('Registro de Comisión'!$B$5:$B$304,MATCH(ROW()-21,'Registro de Comisión'!$P$5:$P$304,0)),"")),"Á","A"),"É","E"),"Í","I"),"Ó","O"),"Ú","U"),"Ü","U"))) | D25: =IF($B25="","",TRIM(SUBSTITUTE(SUBSTITUTE(SUBSTITUTE(SUBSTITUTE(SUBSTITUTE(SUBSTITUTE(UPPER(IFERROR(INDEX('Registro de Comisión'!$C$5:$C$304,MATCH(ROW()-21,'Registro de Comisión'!$P$5:$P$304,0)),"")),"Á","A"),"É","E"),"Í","I"),"Ó","O"),"Ú","U"),"Ü","U"))) | E25: =IF($B25="","",TRIM(SUBSTITUTE(SUBSTITUTE(SUBSTITUTE(SUBSTITUTE(SUBSTITUTE(SUBSTITUTE(UPPER(IFERROR(INDEX('Registro de Comisión'!$D$5:$D$304,MATCH(ROW()-21,'Registro de Comisión'!$P$5:$P$304,0)),"")),"Á","A"),"É","E"),"Í","I"),"Ó","O"),"Ú","U"),"Ü","U"))) | F25: =IF($B25="","",TRIM(SUBSTITUTE(SUBSTITUTE(SUBSTITUTE(SUBSTITUTE(SUBSTITUTE(SUBSTITUTE(UPPER(IFERROR(INDEX('Registro de Comisión'!$E$5:$E$304,MATCH(ROW()-21,'Registro de Comisión'!$P$5:$P$304,0)),"")),"Á","A"),"É","E"),"Í","I"),"Ó","O"),"Ú","U"),"Ü","U"))) | G25: =IF($B25="","",TRIM(SUBSTITUTE(SUBSTITUTE(SUBSTITUTE(SUBSTITUTE(SUBSTITUTE(SUBSTITUTE(UPPER(IFERROR(INDEX('Registro de Comisión'!$F$5:$F$304,MATCH(ROW()-21,'Registro de Comisión'!$P$5:$P$304,0)),"")),"Á","A"),"É","E"),"Í","I"),"Ó","O"),"Ú","U"),"Ü","U"))) | H25: =IF($B25="","",TRIM(SUBSTITUTE(SUBSTITUTE(SUBSTITUTE(SUBSTITUTE(SUBSTITUTE(SUBSTITUTE(UPPER(IFERROR(INDEX('Registro de Comisión'!$G$5:$G$304,MATCH(ROW()-21,'Registro de Comisión'!$P$5:$P$304,0)),"")),"Á","A"),"É","E"),"Í","I"),"Ó","O"),"Ú","U"),"Ü","U"))) | I25: =IF($B25="","",IFERROR(INDEX('Registro de Comisión'!$H$5:$H$304,MATCH(ROW()-21,'Registro de Comisión'!$P$5:$P$304,0)),"")) | J25: =IF($B25="","",TRIM(SUBSTITUTE(SUBSTITUTE(SUBSTITUTE(SUBSTITUTE(SUBSTITUTE(SUBSTITUTE(UPPER(IFERROR(INDEX(tblPeriodos[Institución en el Período],MATCH($B25&"-1",tblPeriodos[Clave (uso interno)],0)),"SIN PERIODO REGISTRADO")),"Á","A"),"É","E"),"Í","I"),"Ó","O"),"Ú","U"),"Ü","U"))) | K25: =IF($B25="","",IFERROR(_xlfn.MINIFS(tblPeriodos[Fecha Inicio del Período],tblPeriodos[Cédula],$B25),"")) | L25: =IF($B25="","",IFERROR(_xlfn.MAXIFS(tblPeriodos[Fecha Fin del Período],tblPeriodos[Cédula],$B25),"")) | M25: =IF($B25="","",COUNTIFS(tblPeriodos[Cédula],$B25)) | N25: =IF($B25="","",SUMIFS(tblPeriodos[Días del Período],tblPeriodos[Cédula],$B25)) | O25: =IF($B25="","",ROUND(N25/365.25,1)) | P25: =IF($B25="","",EDATE(K25,72)) | Q25: =IF($B25="","",P25-TODAY()) | R25: =IF($B25="","",IF(Q25<=0,"🔴 SUPERO LIMITE LEGAL",IF(Q25<=180,"🟠 PROXIMO AL LIMITE (6 ANOS)",IF(Q25<=365,"🟡 VIGILAR (< 1 ANO)","🟢 DENTRO DEL LIMITE")))) | S25: =IF($B25="","",L25-TODAY()) | T25: =IF($B25="","",IF(S25<0,"🔴 COMISION VENCIDA",IF(S25<=90,"🟠 VENCE PRONTO (<=90 DIAS)",IF(S25<=180,"🟡 PROXIMA A VENCER (<=180 DIAS)","🟢 VIGENTE")))) | U25: =IF($B25="","",IF(ABS(N25-(L25-K25+1))<=3,"CONTINUA","CON INTERRUPCIONES - REVISAR")) | V25: =IF($B25="","",TRIM(SUBSTITUTE(SUBSTITUTE(SUBSTITUTE(SUBSTITUTE(SUBSTITUTE(SUBSTITUTE(UPPER(IFERROR(INDEX('Registro de Comisión'!$L$5:$L$304,MATCH($B25&"-ACT",'Registro de Comisión'!$N$5:$N$304,0)),"SIN REGISTRAR")),"Á","A"),"É","E"),"Í","I"),"Ó","O"),"Ú","U"),"Ü","U")))
A26: =IF($B26="","",ROW()-6) | B26: =IFERROR(INDEX('Registro de Comisión'!$A$5:$A$304,MATCH(ROW()-21,'Registro de Comisión'!$P$5:$P$304,0)),"") | C26: =IF($B26="","",TRIM(SUBSTITUTE(SUBSTITUTE(SUBSTITUTE(SUBSTITUTE(SUBSTITUTE(SUBSTITUTE(UPPER(IFERROR(INDEX('Registro de Comisión'!$B$5:$B$304,MATCH(ROW()-21,'Registro de Comisión'!$P$5:$P$304,0)),"")),"Á","A"),"É","E"),"Í","I"),"Ó","O"),"Ú","U"),"Ü","U"))) | D26: =IF($B26="","",TRIM(SUBSTITUTE(SUBSTITUTE(SUBSTITUTE(SUBSTITUTE(SUBSTITUTE(SUBSTITUTE(UPPER(IFERROR(INDEX('Registro de Comisión'!$C$5:$C$304,MATCH(ROW()-21,'Registro de Comisión'!$P$5:$P$304,0)),"")),"Á","A"),"É","E"),"Í","I"),"Ó","O"),"Ú","U"),"Ü","U"))) | E26: =IF($B26="","",TRIM(SUBSTITUTE(SUBSTITUTE(SUBSTITUTE(SUBSTITUTE(SUBSTITUTE(SUBSTITUTE(UPPER(IFERROR(INDEX('Registro de Comisión'!$D$5:$D$304,MATCH(ROW()-21,'Registro de Comisión'!$P$5:$P$304,0)),"")),"Á","A"),"É","E"),"Í","I"),"Ó","O"),"Ú","U"),"Ü","U"))) | F26: =IF($B26="","",TRIM(SUBSTITUTE(SUBSTITUTE(SUBSTITUTE(SUBSTITUTE(SUBSTITUTE(SUBSTITUTE(UPPER(IFERROR(INDEX('Registro de Comisión'!$E$5:$E$304,MATCH(ROW()-21,'Registro de Comisión'!$P$5:$P$304,0)),"")),"Á","A"),"É","E"),"Í","I"),"Ó","O"),"Ú","U"),"Ü","U"))) | G26: =IF($B26="","",TRIM(SUBSTITUTE(SUBSTITUTE(SUBSTITUTE(SUBSTITUTE(SUBSTITUTE(SUBSTITUTE(UPPER(IFERROR(INDEX('Registro de Comisión'!$F$5:$F$304,MATCH(ROW()-21,'Registro de Comisión'!$P$5:$P$304,0)),"")),"Á","A"),"É","E"),"Í","I"),"Ó","O"),"Ú","U"),"Ü","U"))) | H26: =IF($B26="","",TRIM(SUBSTITUTE(SUBSTITUTE(SUBSTITUTE(SUBSTITUTE(SUBSTITUTE(SUBSTITUTE(UPPER(IFERROR(INDEX('Registro de Comisión'!$G$5:$G$304,MATCH(ROW()-21,'Registro de Comisión'!$P$5:$P$304,0)),"")),"Á","A"),"É","E"),"Í","I"),"Ó","O"),"Ú","U"),"Ü","U"))) | I26: =IF($B26="","",IFERROR(INDEX('Registro de Comisión'!$H$5:$H$304,MATCH(ROW()-21,'Registro de Comisión'!$P$5:$P$304,0)),"")) | J26: =IF($B26="","",TRIM(SUBSTITUTE(SUBSTITUTE(SUBSTITUTE(SUBSTITUTE(SUBSTITUTE(SUBSTITUTE(UPPER(IFERROR(INDEX(tblPeriodos[Institución en el Período],MATCH($B26&"-1",tblPeriodos[Clave (uso interno)],0)),"SIN PERIODO REGISTRADO")),"Á","A"),"É","E"),"Í","I"),"Ó","O"),"Ú","U"),"Ü","U"))) | K26: =IF($B26="","",IFERROR(_xlfn.MINIFS(tblPeriodos[Fecha Inicio del Período],tblPeriodos[Cédula],$B26),"")) | L26: =IF($B26="","",IFERROR(_xlfn.MAXIFS(tblPeriodos[Fecha Fin del Período],tblPeriodos[Cédula],$B26),"")) | M26: =IF($B26="","",COUNTIFS(tblPeriodos[Cédula],$B26)) | N26: =IF($B26="","",SUMIFS(tblPeriodos[Días del Período],tblPeriodos[Cédula],$B26)) | O26: =IF($B26="","",ROUND(N26/365.25,1)) | P26: =IF($B26="","",EDATE(K26,72)) | Q26: =IF($B26="","",P26-TODAY()) | R26: =IF($B26="","",IF(Q26<=0,"🔴 SUPERO LIMITE LEGAL",IF(Q26<=180,"🟠 PROXIMO AL LIMITE (6 ANOS)",IF(Q26<=365,"🟡 VIGILAR (< 1 ANO)","🟢 DENTRO DEL LIMITE")))) | S26: =IF($B26="","",L26-TODAY()) | T26: =IF($B26="","",IF(S26<0,"🔴 COMISION VENCIDA",IF(S26<=90,"🟠 VENCE PRONTO (<=90 DIAS)",IF(S26<=180,"🟡 PROXIMA A VENCER (<=180 DIAS)","🟢 VIGENTE")))) | U26: =IF($B26="","",IF(ABS(N26-(L26-K26+1))<=3,"CONTINUA","CON INTERRUPCIONES - REVISAR")) | V26: =IF($B26="","",TRIM(SUBSTITUTE(SUBSTITUTE(SUBSTITUTE(SUBSTITUTE(SUBSTITUTE(SUBSTITUTE(UPPER(IFERROR(INDEX('Registro de Comisión'!$L$5:$L$304,MATCH($B26&"-ACT",'Registro de Comisión'!$N$5:$N$304,0)),"SIN REGISTRAR")),"Á","A"),"É","E"),"Í","I"),"Ó","O"),"Ú","U"),"Ü","U")))
A27: =IF($B27="","",ROW()-6) | B27: =IFERROR(INDEX('Registro de Comisión'!$A$5:$A$304,MATCH(ROW()-21,'Registro de Comisión'!$P$5:$P$304,0)),"") | C27: =IF($B27="","",TRIM(SUBSTITUTE(SUBSTITUTE(SUBSTITUTE(SUBSTITUTE(SUBSTITUTE(SUBSTITUTE(UPPER(IFERROR(INDEX('Registro de Comisión'!$B$5:$B$304,MATCH(ROW()-21,'Registro de Comisión'!$P$5:$P$304,0)),"")),"Á","A"),"É","E"),"Í","I"),"Ó","O"),"Ú","U"),"Ü","U"))) | D27: =IF($B27="","",TRIM(SUBSTITUTE(SUBSTITUTE(SUBSTITUTE(SUBSTITUTE(SUBSTITUTE(SUBSTITUTE(UPPER(IFERROR(INDEX('Registro de Comisión'!$C$5:$C$304,MATCH(ROW()-21,'Registro de Comisión'!$P$5:$P$304,0)),"")),"Á","A"),"É","E"),"Í","I"),"Ó","O"),"Ú","U"),"Ü","U"))) | E27: =IF($B27="","",TRIM(SUBSTITUTE(SUBSTITUTE(SUBSTITUTE(SUBSTITUTE(SUBSTITUTE(SUBSTITUTE(UPPER(IFERROR(INDEX('Registro de Comisión'!$D$5:$D$304,MATCH(ROW()-21,'Registro de Comisión'!$P$5:$P$304,0)),"")),"Á","A"),"É","E"),"Í","I"),"Ó","O"),"Ú","U"),"Ü","U"))) | F27: =IF($B27="","",TRIM(SUBSTITUTE(SUBSTITUTE(SUBSTITUTE(SUBSTITUTE(SUBSTITUTE(SUBSTITUTE(UPPER(IFERROR(INDEX('Registro de Comisión'!$E$5:$E$304,MATCH(ROW()-21,'Registro de Comisión'!$P$5:$P$304,0)),"")),"Á","A"),"É","E"),"Í","I"),"Ó","O"),"Ú","U"),"Ü","U"))) | G27: =IF($B27="","",TRIM(SUBSTITUTE(SUBSTITUTE(SUBSTITUTE(SUBSTITUTE(SUBSTITUTE(SUBSTITUTE(UPPER(IFERROR(INDEX('Registro de Comisión'!$F$5:$F$304,MATCH(ROW()-21,'Registro de Comisión'!$P$5:$P$304,0)),"")),"Á","A"),"É","E"),"Í","I"),"Ó","O"),"Ú","U"),"Ü","U"))) | H27: =IF($B27="","",TRIM(SUBSTITUTE(SUBSTITUTE(SUBSTITUTE(SUBSTITUTE(SUBSTITUTE(SUBSTITUTE(UPPER(IFERROR(INDEX('Registro de Comisión'!$G$5:$G$304,MATCH(ROW()-21,'Registro de Comisión'!$P$5:$P$304,0)),"")),"Á","A"),"É","E"),"Í","I"),"Ó","O"),"Ú","U"),"Ü","U"))) | I27: =IF($B27="","",IFERROR(INDEX('Registro de Comisión'!$H$5:$H$304,MATCH(ROW()-21,'Registro de Comisión'!$P$5:$P$304,0)),"")) | J27: =IF($B27="","",TRIM(SUBSTITUTE(SUBSTITUTE(SUBSTITUTE(SUBSTITUTE(SUBSTITUTE(SUBSTITUTE(UPPER(IFERROR(INDEX(tblPeriodos[Institución en el Período],MATCH($B27&"-1",tblPeriodos[Clave (uso interno)],0)),"SIN PERIODO REGISTRADO")),"Á","A"),"É","E"),"Í","I"),"Ó","O"),"Ú","U"),"Ü","U"))) | K27: =IF($B27="","",IFERROR(_xlfn.MINIFS(tblPeriodos[Fecha Inicio del Período],tblPeriodos[Cédula],$B27),"")) | L27: =IF($B27="","",IFERROR(_xlfn.MAXIFS(tblPeriodos[Fecha Fin del Período],tblPeriodos[Cédula],$B27),"")) | M27: =IF($B27="","",COUNTIFS(tblPeriodos[Cédula],$B27)) | N27: =IF($B27="","",SUMIFS(tblPeriodos[Días del Período],tblPeriodos[Cédula],$B27)) | O27: =IF($B27="","",ROUND(N27/365.25,1)) | P27: =IF($B27="","",EDATE(K27,72)) | Q27: =IF($B27="","",P27-TODAY()) | R27: =IF($B27="","",IF(Q27<=0,"🔴 SUPERO LIMITE LEGAL",IF(Q27<=180,"🟠 PROXIMO AL LIMITE (6 ANOS)",IF(Q27<=365,"🟡 VIGILAR (< 1 ANO)","🟢 DENTRO DEL LIMITE")))) | S27: =IF($B27="","",L27-TODAY()) | T27: =IF($B27="","",IF(S27<0,"🔴 COMISION VENCIDA",IF(S27<=90,"🟠 VENCE PRONTO (<=90 DIAS)",IF(S27<=180,"🟡 PROXIMA A VENCER (<=180 DIAS)","🟢 VIGENTE")))) | U27: =IF($B27="","",IF(ABS(N27-(L27-K27+1))<=3,"CONTINUA","CON INTERRUPCIONES - REVISAR")) | V27: =IF($B27="","",TRIM(SUBSTITUTE(SUBSTITUTE(SUBSTITUTE(SUBSTITUTE(SUBSTITUTE(SUBSTITUTE(UPPER(IFERROR(INDEX('Registro de Comisión'!$L$5:$L$304,MATCH($B27&"-ACT",'Registro de Comisión'!$N$5:$N$304,0)),"SIN REGISTRAR")),"Á","A"),"É","E"),"Í","I"),"Ó","O"),"Ú","U"),"Ü","U")))
A28: =IF($B28="","",ROW()-6) | B28: =IFERROR(INDEX('Registro de Comisión'!$A$5:$A$304,MATCH(ROW()-21,'Registro de Comisión'!$P$5:$P$304,0)),"") | C28: =IF($B28="","",TRIM(SUBSTITUTE(SUBSTITUTE(SUBSTITUTE(SUBSTITUTE(SUBSTITUTE(SUBSTITUTE(UPPER(IFERROR(INDEX('Registro de Comisión'!$B$5:$B$304,MATCH(ROW()-21,'Registro de Comisión'!$P$5:$P$304,0)),"")),"Á","A"),"É","E"),"Í","I"),"Ó","O"),"Ú","U"),"Ü","U"))) | D28: =IF($B28="","",TRIM(SUBSTITUTE(SUBSTITUTE(SUBSTITUTE(SUBSTITUTE(SUBSTITUTE(SUBSTITUTE(UPPER(IFERROR(INDEX('Registro de Comisión'!$C$5:$C$304,MATCH(ROW()-21,'Registro de Comisión'!$P$5:$P$304,0)),"")),"Á","A"),"É","E"),"Í","I"),"Ó","O"),"Ú","U"),"Ü","U"))) | E28: =IF($B28="","",TRIM(SUBSTITUTE(SUBSTITUTE(SUBSTITUTE(SUBSTITUTE(SUBSTITUTE(SUBSTITUTE(UPPER(IFERROR(INDEX('Registro de Comisión'!$D$5:$D$304,MATCH(ROW()-21,'Registro de Comisión'!$P$5:$P$304,0)),"")),"Á","A"),"É","E"),"Í","I"),"Ó","O"),"Ú","U"),"Ü","U"))) | F28: =IF($B28="","",TRIM(SUBSTITUTE(SUBSTITUTE(SUBSTITUTE(SUBSTITUTE(SUBSTITUTE(SUBSTITUTE(UPPER(IFERROR(INDEX('Registro de Comisión'!$E$5:$E$304,MATCH(ROW()-21,'Registro de Comisión'!$P$5:$P$304,0)),"")),"Á","A"),"É","E"),"Í","I"),"Ó","O"),"Ú","U"),"Ü","U"))) | G28: =IF($B28="","",TRIM(SUBSTITUTE(SUBSTITUTE(SUBSTITUTE(SUBSTITUTE(SUBSTITUTE(SUBSTITUTE(UPPER(IFERROR(INDEX('Registro de Comisión'!$F$5:$F$304,MATCH(ROW()-21,'Registro de Comisión'!$P$5:$P$304,0)),"")),"Á","A"),"É","E"),"Í","I"),"Ó","O"),"Ú","U"),"Ü","U"))) | H28: =IF($B28="","",TRIM(SUBSTITUTE(SUBSTITUTE(SUBSTITUTE(SUBSTITUTE(SUBSTITUTE(SUBSTITUTE(UPPER(IFERROR(INDEX('Registro de Comisión'!$G$5:$G$304,MATCH(ROW()-21,'Registro de Comisión'!$P$5:$P$304,0)),"")),"Á","A"),"É","E"),"Í","I"),"Ó","O"),"Ú","U"),"Ü","U"))) | I28: =IF($B28="","",IFERROR(INDEX('Registro de Comisión'!$H$5:$H$304,MATCH(ROW()-21,'Registro de Comisión'!$P$5:$P$304,0)),"")) | J28: =IF($B28="","",TRIM(SUBSTITUTE(SUBSTITUTE(SUBSTITUTE(SUBSTITUTE(SUBSTITUTE(SUBSTITUTE(UPPER(IFERROR(INDEX(tblPeriodos[Institución en el Período],MATCH($B28&"-1",tblPeriodos[Clave (uso interno)],0)),"SIN PERIODO REGISTRADO")),"Á","A"),"É","E"),"Í","I"),"Ó","O"),"Ú","U"),"Ü","U"))) | K28: =IF($B28="","",IFERROR(_xlfn.MINIFS(tblPeriodos[Fecha Inicio del Período],tblPeriodos[Cédula],$B28),"")) | L28: =IF($B28="","",IFERROR(_xlfn.MAXIFS(tblPeriodos[Fecha Fin del Período],tblPeriodos[Cédula],$B28),"")) | M28: =IF($B28="","",COUNTIFS(tblPeriodos[Cédula],$B28)) | N28: =IF($B28="","",SUMIFS(tblPeriodos[Días del Período],tblPeriodos[Cédula],$B28)) | O28: =IF($B28="","",ROUND(N28/365.25,1)) | P28: =IF($B28="","",EDATE(K28,72)) | Q28: =IF($B28="","",P28-TODAY()) | R28: =IF($B28="","",IF(Q28<=0,"🔴 SUPERO LIMITE LEGAL",IF(Q28<=180,"🟠 PROXIMO AL LIMITE (6 ANOS)",IF(Q28<=365,"🟡 VIGILAR (< 1 ANO)","🟢 DENTRO DEL LIMITE")))) | S28: =IF($B28="","",L28-TODAY()) | T28: =IF($B28="","",IF(S28<0,"🔴 COMISION VENCIDA",IF(S28<=90,"🟠 VENCE PRONTO (<=90 DIAS)",IF(S28<=180,"🟡 PROXIMA A VENCER (<=180 DIAS)","🟢 VIGENTE")))) | U28: =IF($B28="","",IF(ABS(N28-(L28-K28+1))<=3,"CONTINUA","CON INTERRUPCIONES - REVISAR")) | V28: =IF($B28="","",TRIM(SUBSTITUTE(SUBSTITUTE(SUBSTITUTE(SUBSTITUTE(SUBSTITUTE(SUBSTITUTE(UPPER(IFERROR(INDEX('Registro de Comisión'!$L$5:$L$304,MATCH($B28&"-ACT",'Registro de Comisión'!$N$5:$N$304,0)),"SIN REGISTRAR")),"Á","A"),"É","E"),"Í","I"),"Ó","O"),"Ú","U"),"Ü","U")))
A29: =IF($B29="","",ROW()-6) | B29: =IFERROR(INDEX('Registro de Comisión'!$A$5:$A$304,MATCH(ROW()-21,'Registro de Comisión'!$P$5:$P$304,0)),"") | C29: =IF($B29="","",TRIM(SUBSTITUTE(SUBSTITUTE(SUBSTITUTE(SUBSTITUTE(SUBSTITUTE(SUBSTITUTE(UPPER(IFERROR(INDEX('Registro de Comisión'!$B$5:$B$304,MATCH(ROW()-21,'Registro de Comisión'!$P$5:$P$304,0)),"")),"Á","A"),"É","E"),"Í","I"),"Ó","O"),"Ú","U"),"Ü","U"))) | D29: =IF($B29="","",TRIM(SUBSTITUTE(SUBSTITUTE(SUBSTITUTE(SUBSTITUTE(SUBSTITUTE(SUBSTITUTE(UPPER(IFERROR(INDEX('Registro de Comisión'!$C$5:$C$304,MATCH(ROW()-21,'Registro de Comisión'!$P$5:$P$304,0)),"")),"Á","A"),"É","E"),"Í","I"),"Ó","O"),"Ú","U"),"Ü","U"))) | E29: =IF($B29="","",TRIM(SUBSTITUTE(SUBSTITUTE(SUBSTITUTE(SUBSTITUTE(SUBSTITUTE(SUBSTITUTE(UPPER(IFERROR(INDEX('Registro de Comisión'!$D$5:$D$304,MATCH(ROW()-21,'Registro de Comisión'!$P$5:$P$304,0)),"")),"Á","A"),"É","E"),"Í","I"),"Ó","O"),"Ú","U"),"Ü","U"))) | F29: =IF($B29="","",TRIM(SUBSTITUTE(SUBSTITUTE(SUBSTITUTE(SUBSTITUTE(SUBSTITUTE(SUBSTITUTE(UPPER(IFERROR(INDEX('Registro de Comisión'!$E$5:$E$304,MATCH(ROW()-21,'Registro de Comisión'!$P$5:$P$304,0)),"")),"Á","A"),"É","E"),"Í","I"),"Ó","O"),"Ú","U"),"Ü","U"))) | G29: =IF($B29="","",TRIM(SUBSTITUTE(SUBSTITUTE(SUBSTITUTE(SUBSTITUTE(SUBSTITUTE(SUBSTITUTE(UPPER(IFERROR(INDEX('Registro de Comisión'!$F$5:$F$304,MATCH(ROW()-21,'Registro de Comisión'!$P$5:$P$304,0)),"")),"Á","A"),"É","E"),"Í","I"),"Ó","O"),"Ú","U"),"Ü","U"))) | H29: =IF($B29="","",TRIM(SUBSTITUTE(SUBSTITUTE(SUBSTITUTE(SUBSTITUTE(SUBSTITUTE(SUBSTITUTE(UPPER(IFERROR(INDEX('Registro de Comisión'!$G$5:$G$304,MATCH(ROW()-21,'Registro de Comisión'!$P$5:$P$304,0)),"")),"Á","A"),"É","E"),"Í","I"),"Ó","O"),"Ú","U"),"Ü","U"))) | I29: =IF($B29="","",IFERROR(INDEX('Registro de Comisión'!$H$5:$H$304,MATCH(ROW()-21,'Registro de Comisión'!$P$5:$P$304,0)),"")) | J29: =IF($B29="","",TRIM(SUBSTITUTE(SUBSTITUTE(SUBSTITUTE(SUBSTITUTE(SUBSTITUTE(SUBSTITUTE(UPPER(IFERROR(INDEX(tblPeriodos[Institución en el Período],MATCH($B29&"-1",tblPeriodos[Clave (uso interno)],0)),"SIN PERIODO REGISTRADO")),"Á","A"),"É","E"),"Í","I"),"Ó","O"),"Ú","U"),"Ü","U"))) | K29: =IF($B29="","",IFERROR(_xlfn.MINIFS(tblPeriodos[Fecha Inicio del Período],tblPeriodos[Cédula],$B29),"")) | L29: =IF($B29="","",IFERROR(_xlfn.MAXIFS(tblPeriodos[Fecha Fin del Período],tblPeriodos[Cédula],$B29),"")) | M29: =IF($B29="","",COUNTIFS(tblPeriodos[Cédula],$B29)) | N29: =IF($B29="","",SUMIFS(tblPeriodos[Días del Período],tblPeriodos[Cédula],$B29)) | O29: =IF($B29="","",ROUND(N29/365.25,1)) | P29: =IF($B29="","",EDATE(K29,72)) | Q29: =IF($B29="","",P29-TODAY()) | R29: =IF($B29="","",IF(Q29<=0,"🔴 SUPERO LIMITE LEGAL",IF(Q29<=180,"🟠 PROXIMO AL LIMITE (6 ANOS)",IF(Q29<=365,"🟡 VIGILAR (< 1 ANO)","🟢 DENTRO DEL LIMITE")))) | S29: =IF($B29="","",L29-TODAY()) | T29: =IF($B29="","",IF(S29<0,"🔴 COMISION VENCIDA",IF(S29<=90,"🟠 VENCE PRONTO (<=90 DIAS)",IF(S29<=180,"🟡 PROXIMA A VENCER (<=180 DIAS)","🟢 VIGENTE")))) | U29: =IF($B29="","",IF(ABS(N29-(L29-K29+1))<=3,"CONTINUA","CON INTERRUPCIONES - REVISAR")) | V29: =IF($B29="","",TRIM(SUBSTITUTE(SUBSTITUTE(SUBSTITUTE(SUBSTITUTE(SUBSTITUTE(SUBSTITUTE(UPPER(IFERROR(INDEX('Registro de Comisión'!$L$5:$L$304,MATCH($B29&"-ACT",'Registro de Comisión'!$N$5:$N$304,0)),"SIN REGISTRAR")),"Á","A"),"É","E"),"Í","I"),"Ó","O"),"Ú","U"),"Ü","U")))
A30: =IF($B30="","",ROW()-6) | B30: =IFERROR(INDEX('Registro de Comisión'!$A$5:$A$304,MATCH(ROW()-21,'Registro de Comisión'!$P$5:$P$304,0)),"") | C30: =IF($B30="","",TRIM(SUBSTITUTE(SUBSTITUTE(SUBSTITUTE(SUBSTITUTE(SUBSTITUTE(SUBSTITUTE(UPPER(IFERROR(INDEX('Registro de Comisión'!$B$5:$B$304,MATCH(ROW()-21,'Registro de Comisión'!$P$5:$P$304,0)),"")),"Á","A"),"É","E"),"Í","I"),"Ó","O"),"Ú","U"),"Ü","U"))) | D30: =IF($B30="","",TRIM(SUBSTITUTE(SUBSTITUTE(SUBSTITUTE(SUBSTITUTE(SUBSTITUTE(SUBSTITUTE(UPPER(IFERROR(INDEX('Registro de Comisión'!$C$5:$C$304,MATCH(ROW()-21,'Registro de Comisión'!$P$5:$P$304,0)),"")),"Á","A"),"É","E"),"Í","I"),"Ó","O"),"Ú","U"),"Ü","U"))) | E30: =IF($B30="","",TRIM(SUBSTITUTE(SUBSTITUTE(SUBSTITUTE(SUBSTITUTE(SUBSTITUTE(SUBSTITUTE(UPPER(IFERROR(INDEX('Registro de Comisión'!$D$5:$D$304,MATCH(ROW()-21,'Registro de Comisión'!$P$5:$P$304,0)),"")),"Á","A"),"É","E"),"Í","I"),"Ó","O"),"Ú","U"),"Ü","U"))) | F30: =IF($B30="","",TRIM(SUBSTITUTE(SUBSTITUTE(SUBSTITUTE(SUBSTITUTE(SUBSTITUTE(SUBSTITUTE(UPPER(IFERROR(INDEX('Registro de Comisión'!$E$5:$E$304,MATCH(ROW()-21,'Registro de Comisión'!$P$5:$P$304,0)),"")),"Á","A"),"É","E"),"Í","I"),"Ó","O"),"Ú","U"),"Ü","U"))) | G30: =IF($B30="","",TRIM(SUBSTITUTE(SUBSTITUTE(SUBSTITUTE(SUBSTITUTE(SUBSTITUTE(SUBSTITUTE(UPPER(IFERROR(INDEX('Registro de Comisión'!$F$5:$F$304,MATCH(ROW()-21,'Registro de Comisión'!$P$5:$P$304,0)),"")),"Á","A"),"É","E"),"Í","I"),"Ó","O"),"Ú","U"),"Ü","U"))) | H30: =IF($B30="","",TRIM(SUBSTITUTE(SUBSTITUTE(SUBSTITUTE(SUBSTITUTE(SUBSTITUTE(SUBSTITUTE(UPPER(IFERROR(INDEX('Registro de Comisión'!$G$5:$G$304,MATCH(ROW()-21,'Registro de Comisión'!$P$5:$P$304,0)),"")),"Á","A"),"É","E"),"Í","I"),"Ó","O"),"Ú","U"),"Ü","U"))) | I30: =IF($B30="","",IFERROR(INDEX('Registro de Comisión'!$H$5:$H$304,MATCH(ROW()-21,'Registro de Comisión'!$P$5:$P$304,0)),"")) | J30: =IF($B30="","",TRIM(SUBSTITUTE(SUBSTITUTE(SUBSTITUTE(SUBSTITUTE(SUBSTITUTE(SUBSTITUTE(UPPER(IFERROR(INDEX(tblPeriodos[Institución en el Período],MATCH($B30&"-1",tblPeriodos[Clave (uso interno)],0)),"SIN PERIODO REGISTRADO")),"Á","A"),"É","E"),"Í","I"),"Ó","O"),"Ú","U"),"Ü","U"))) | K30: =IF($B30="","",IFERROR(_xlfn.MINIFS(tblPeriodos[Fecha Inicio del Período],tblPeriodos[Cédula],$B30),"")) | L30: =IF($B30="","",IFERROR(_xlfn.MAXIFS(tblPeriodos[Fecha Fin del Período],tblPeriodos[Cédula],$B30),"")) | M30: =IF($B30="","",COUNTIFS(tblPeriodos[Cédula],$B30)) | N30: =IF($B30="","",SUMIFS(tblPeriodos[Días del Período],tblPeriodos[Cédula],$B30)) | O30: =IF($B30="","",ROUND(N30/365.25,1)) | P30: =IF($B30="","",EDATE(K30,72)) | Q30: =IF($B30="","",P30-TODAY()) | R30: =IF($B30="","",IF(Q30<=0,"🔴 SUPERO LIMITE LEGAL",IF(Q30<=180,"🟠 PROXIMO AL LIMITE (6 ANOS)",IF(Q30<=365,"🟡 VIGILAR (< 1 ANO)","🟢 DENTRO DEL LIMITE")))) | S30: =IF($B30="","",L30-TODAY()) | T30: =IF($B30="","",IF(S30<0,"🔴 COMISION VENCIDA",IF(S30<=90,"🟠 VENCE PRONTO (<=90 DIAS)",IF(S30<=180,"🟡 PROXIMA A VENCER (<=180 DIAS)","🟢 VIGENTE")))) | U30: =IF($B30="","",IF(ABS(N30-(L30-K30+1))<=3,"CONTINUA","CON INTERRUPCIONES - REVISAR")) | V30: =IF($B30="","",TRIM(SUBSTITUTE(SUBSTITUTE(SUBSTITUTE(SUBSTITUTE(SUBSTITUTE(SUBSTITUTE(UPPER(IFERROR(INDEX('Registro de Comisión'!$L$5:$L$304,MATCH($B30&"-ACT",'Registro de Comisión'!$N$5:$N$304,0)),"SIN REGISTRAR")),"Á","A"),"É","E"),"Í","I"),"Ó","O"),"Ú","U"),"Ü","U")))
A31: =IF($B31="","",ROW()-6) | B31: =IFERROR(INDEX('Registro de Comisión'!$A$5:$A$304,MATCH(ROW()-21,'Registro de Comisión'!$P$5:$P$304,0)),"") | C31: =IF($B31="","",TRIM(SUBSTITUTE(SUBSTITUTE(SUBSTITUTE(SUBSTITUTE(SUBSTITUTE(SUBSTITUTE(UPPER(IFERROR(INDEX('Registro de Comisión'!$B$5:$B$304,MATCH(ROW()-21,'Registro de Comisión'!$P$5:$P$304,0)),"")),"Á","A"),"É","E"),"Í","I"),"Ó","O"),"Ú","U"),"Ü","U"))) | D31: =IF($B31="","",TRIM(SUBSTITUTE(SUBSTITUTE(SUBSTITUTE(SUBSTITUTE(SUBSTITUTE(SUBSTITUTE(UPPER(IFERROR(INDEX('Registro de Comisión'!$C$5:$C$304,MATCH(ROW()-21,'Registro de Comisión'!$P$5:$P$304,0)),"")),"Á","A"),"É","E"),"Í","I"),"Ó","O"),"Ú","U"),"Ü","U"))) | E31: =IF($B31="","",TRIM(SUBSTITUTE(SUBSTITUTE(SUBSTITUTE(SUBSTITUTE(SUBSTITUTE(SUBSTITUTE(UPPER(IFERROR(INDEX('Registro de Comisión'!$D$5:$D$304,MATCH(ROW()-21,'Registro de Comisión'!$P$5:$P$304,0)),"")),"Á","A"),"É","E"),"Í","I"),"Ó","O"),"Ú","U"),"Ü","U"))) | F31: =IF($B31="","",TRIM(SUBSTITUTE(SUBSTITUTE(SUBSTITUTE(SUBSTITUTE(SUBSTITUTE(SUBSTITUTE(UPPER(IFERROR(INDEX('Registro de Comisión'!$E$5:$E$304,MATCH(ROW()-21,'Registro de Comisión'!$P$5:$P$304,0)),"")),"Á","A"),"É","E"),"Í","I"),"Ó","O"),"Ú","U"),"Ü","U"))) | G31: =IF($B31="","",TRIM(SUBSTITUTE(SUBSTITUTE(SUBSTITUTE(SUBSTITUTE(SUBSTITUTE(SUBSTITUTE(UPPER(IFERROR(INDEX('Registro de Comisión'!$F$5:$F$304,MATCH(ROW()-21,'Registro de Comisión'!$P$5:$P$304,0)),"")),"Á","A"),"É","E"),"Í","I"),"Ó","O"),"Ú","U"),"Ü","U"))) | H31: =IF($B31="","",TRIM(SUBSTITUTE(SUBSTITUTE(SUBSTITUTE(SUBSTITUTE(SUBSTITUTE(SUBSTITUTE(UPPER(IFERROR(INDEX('Registro de Comisión'!$G$5:$G$304,MATCH(ROW()-21,'Registro de Comisión'!$P$5:$P$304,0)),"")),"Á","A"),"É","E"),"Í","I"),"Ó","O"),"Ú","U"),"Ü","U"))) | I31: =IF($B31="","",IFERROR(INDEX('Registro de Comisión'!$H$5:$H$304,MATCH(ROW()-21,'Registro de Comisión'!$P$5:$P$304,0)),"")) | J31: =IF($B31="","",TRIM(SUBSTITUTE(SUBSTITUTE(SUBSTITUTE(SUBSTITUTE(SUBSTITUTE(SUBSTITUTE(UPPER(IFERROR(INDEX(tblPeriodos[Institución en el Período],MATCH($B31&"-1",tblPeriodos[Clave (uso interno)],0)),"SIN PERIODO REGISTRADO")),"Á","A"),"É","E"),"Í","I"),"Ó","O"),"Ú","U"),"Ü","U"))) | K31: =IF($B31="","",IFERROR(_xlfn.MINIFS(tblPeriodos[Fecha Inicio del Período],tblPeriodos[Cédula],$B31),"")) | L31: =IF($B31="","",IFERROR(_xlfn.MAXIFS(tblPeriodos[Fecha Fin del Período],tblPeriodos[Cédula],$B31),"")) | M31: =IF($B31="","",COUNTIFS(tblPeriodos[Cédula],$B31)) | N31: =IF($B31="","",SUMIFS(tblPeriodos[Días del Período],tblPeriodos[Cédula],$B31)) | O31: =IF($B31="","",ROUND(N31/365.25,1)) | P31: =IF($B31="","",EDATE(K31,72)) | Q31: =IF($B31="","",P31-TODAY()) | R31: =IF($B31="","",IF(Q31<=0,"🔴 SUPERO LIMITE LEGAL",IF(Q31<=180,"🟠 PROXIMO AL LIMITE (6 ANOS)",IF(Q31<=365,"🟡 VIGILAR (< 1 ANO)","🟢 DENTRO DEL LIMITE")))) | S31: =IF($B31="","",L31-TODAY()) | T31: =IF($B31="","",IF(S31<0,"🔴 COMISION VENCIDA",IF(S31<=90,"🟠 VENCE PRONTO (<=90 DIAS)",IF(S31<=180,"🟡 PROXIMA A VENCER (<=180 DIAS)","🟢 VIGENTE")))) | U31: =IF($B31="","",IF(ABS(N31-(L31-K31+1))<=3,"CONTINUA","CON INTERRUPCIONES - REVISAR")) | V31: =IF($B31="","",TRIM(SUBSTITUTE(SUBSTITUTE(SUBSTITUTE(SUBSTITUTE(SUBSTITUTE(SUBSTITUTE(UPPER(IFERROR(INDEX('Registro de Comisión'!$L$5:$L$304,MATCH($B31&"-ACT",'Registro de Comisión'!$N$5:$N$304,0)),"SIN REGISTRAR")),"Á","A"),"É","E"),"Í","I"),"Ó","O"),"Ú","U"),"Ü","U")))
A32: =IF($B32="","",ROW()-6) | B32: =IFERROR(INDEX('Registro de Comisión'!$A$5:$A$304,MATCH(ROW()-21,'Registro de Comisión'!$P$5:$P$304,0)),"") | C32: =IF($B32="","",TRIM(SUBSTITUTE(SUBSTITUTE(SUBSTITUTE(SUBSTITUTE(SUBSTITUTE(SUBSTITUTE(UPPER(IFERROR(INDEX('Registro de Comisión'!$B$5:$B$304,MATCH(ROW()-21,'Registro de Comisión'!$P$5:$P$304,0)),"")),"Á","A"),"É","E"),"Í","I"),"Ó","O"),"Ú","U"),"Ü","U"))) | D32: =IF($B32="","",TRIM(SUBSTITUTE(SUBSTITUTE(SUBSTITUTE(SUBSTITUTE(SUBSTITUTE(SUBSTITUTE(UPPER(IFERROR(INDEX('Registro de Comisión'!$C$5:$C$304,MATCH(ROW()-21,'Registro de Comisión'!$P$5:$P$304,0)),"")),"Á","A"),"É","E"),"Í","I"),"Ó","O"),"Ú","U"),"Ü","U"))) | E32: =IF($B32="","",TRIM(SUBSTITUTE(SUBSTITUTE(SUBSTITUTE(SUBSTITUTE(SUBSTITUTE(SUBSTITUTE(UPPER(IFERROR(INDEX('Registro de Comisión'!$D$5:$D$304,MATCH(ROW()-21,'Registro de Comisión'!$P$5:$P$304,0)),"")),"Á","A"),"É","E"),"Í","I"),"Ó","O"),"Ú","U"),"Ü","U"))) | F32: =IF($B32="","",TRIM(SUBSTITUTE(SUBSTITUTE(SUBSTITUTE(SUBSTITUTE(SUBSTITUTE(SUBSTITUTE(UPPER(IFERROR(INDEX('Registro de Comisión'!$E$5:$E$304,MATCH(ROW()-21,'Registro de Comisión'!$P$5:$P$304,0)),"")),"Á","A"),"É","E"),"Í","I"),"Ó","O"),"Ú","U"),"Ü","U"))) | G32: =IF($B32="","",TRIM(SUBSTITUTE(SUBSTITUTE(SUBSTITUTE(SUBSTITUTE(SUBSTITUTE(SUBSTITUTE(UPPER(IFERROR(INDEX('Registro de Comisión'!$F$5:$F$304,MATCH(ROW()-21,'Registro de Comisión'!$P$5:$P$304,0)),"")),"Á","A"),"É","E"),"Í","I"),"Ó","O"),"Ú","U"),"Ü","U"))) | H32: =IF($B32="","",TRIM(SUBSTITUTE(SUBSTITUTE(SUBSTITUTE(SUBSTITUTE(SUBSTITUTE(SUBSTITUTE(UPPER(IFERROR(INDEX('Registro de Comisión'!$G$5:$G$304,MATCH(ROW()-21,'Registro de Comisión'!$P$5:$P$304,0)),"")),"Á","A"),"É","E"),"Í","I"),"Ó","O"),"Ú","U"),"Ü","U"))) | I32: =IF($B32="","",IFERROR(INDEX('Registro de Comisión'!$H$5:$H$304,MATCH(ROW()-21,'Registro de Comisión'!$P$5:$P$304,0)),"")) | J32: =IF($B32="","",TRIM(SUBSTITUTE(SUBSTITUTE(SUBSTITUTE(SUBSTITUTE(SUBSTITUTE(SUBSTITUTE(UPPER(IFERROR(INDEX(tblPeriodos[Institución en el Período],MATCH($B32&"-1",tblPeriodos[Clave (uso interno)],0)),"SIN PERIODO REGISTRADO")),"Á","A"),"É","E"),"Í","I"),"Ó","O"),"Ú","U"),"Ü","U"))) | K32: =IF($B32="","",IFERROR(_xlfn.MINIFS(tblPeriodos[Fecha Inicio del Período],tblPeriodos[Cédula],$B32),"")) | L32: =IF($B32="","",IFERROR(_xlfn.MAXIFS(tblPeriodos[Fecha Fin del Período],tblPeriodos[Cédula],$B32),"")) | M32: =IF($B32="","",COUNTIFS(tblPeriodos[Cédula],$B32)) | N32: =IF($B32="","",SUMIFS(tblPeriodos[Días del Período],tblPeriodos[Cédula],$B32)) | O32: =IF($B32="","",ROUND(N32/365.25,1)) | P32: =IF($B32="","",EDATE(K32,72)) | Q32: =IF($B32="","",P32-TODAY()) | R32: =IF($B32="","",IF(Q32<=0,"🔴 SUPERO LIMITE LEGAL",IF(Q32<=180,"🟠 PROXIMO AL LIMITE (6 ANOS)",IF(Q32<=365,"🟡 VIGILAR (< 1 ANO)","🟢 DENTRO DEL LIMITE")))) | S32: =IF($B32="","",L32-TODAY()) | T32: =IF($B32="","",IF(S32<0,"🔴 COMISION VENCIDA",IF(S32<=90,"🟠 VENCE PRONTO (<=90 DIAS)",IF(S32<=180,"🟡 PROXIMA A VENCER (<=180 DIAS)","🟢 VIGENTE")))) | U32: =IF($B32="","",IF(ABS(N32-(L32-K32+1))<=3,"CONTINUA","CON INTERRUPCIONES - REVISAR")) | V32: =IF($B32="","",TRIM(SUBSTITUTE(SUBSTITUTE(SUBSTITUTE(SUBSTITUTE(SUBSTITUTE(SUBSTITUTE(UPPER(IFERROR(INDEX('Registro de Comisión'!$L$5:$L$304,MATCH($B32&"-ACT",'Registro de Comisión'!$N$5:$N$304,0)),"SIN REGISTRAR")),"Á","A"),"É","E"),"Í","I"),"Ó","O"),"Ú","U"),"Ü","U")))
A33: =IF($B33="","",ROW()-6) | B33: =IFERROR(INDEX('Registro de Comisión'!$A$5:$A$304,MATCH(ROW()-21,'Registro de Comisión'!$P$5:$P$304,0)),"") | C33: =IF($B33="","",TRIM(SUBSTITUTE(SUBSTITUTE(SUBSTITUTE(SUBSTITUTE(SUBSTITUTE(SUBSTITUTE(UPPER(IFERROR(INDEX('Registro de Comisión'!$B$5:$B$304,MATCH(ROW()-21,'Registro de Comisión'!$P$5:$P$304,0)),"")),"Á","A"),"É","E"),"Í","I"),"Ó","O"),"Ú","U"),"Ü","U"))) | D33: =IF($B33="","",TRIM(SUBSTITUTE(SUBSTITUTE(SUBSTITUTE(SUBSTITUTE(SUBSTITUTE(SUBSTITUTE(UPPER(IFERROR(INDEX('Registro de Comisión'!$C$5:$C$304,MATCH(ROW()-21,'Registro de Comisión'!$P$5:$P$304,0)),"")),"Á","A"),"É","E"),"Í","I"),"Ó","O"),"Ú","U"),"Ü","U"))) | E33: =IF($B33="","",TRIM(SUBSTITUTE(SUBSTITUTE(SUBSTITUTE(SUBSTITUTE(SUBSTITUTE(SUBSTITUTE(UPPER(IFERROR(INDEX('Registro de Comisión'!$D$5:$D$304,MATCH(ROW()-21,'Registro de Comisión'!$P$5:$P$304,0)),"")),"Á","A"),"É","E"),"Í","I"),"Ó","O"),"Ú","U"),"Ü","U"))) | F33: =IF($B33="","",TRIM(SUBSTITUTE(SUBSTITUTE(SUBSTITUTE(SUBSTITUTE(SUBSTITUTE(SUBSTITUTE(UPPER(IFERROR(INDEX('Registro de Comisión'!$E$5:$E$304,MATCH(ROW()-21,'Registro de Comisión'!$P$5:$P$304,0)),"")),"Á","A"),"É","E"),"Í","I"),"Ó","O"),"Ú","U"),"Ü","U"))) | G33: =IF($B33="","",TRIM(SUBSTITUTE(SUBSTITUTE(SUBSTITUTE(SUBSTITUTE(SUBSTITUTE(SUBSTITUTE(UPPER(IFERROR(INDEX('Registro de Comisión'!$F$5:$F$304,MATCH(ROW()-21,'Registro de Comisión'!$P$5:$P$304,0)),"")),"Á","A"),"É","E"),"Í","I"),"Ó","O"),"Ú","U"),"Ü","U"))) | H33: =IF($B33="","",TRIM(SUBSTITUTE(SUBSTITUTE(SUBSTITUTE(SUBSTITUTE(SUBSTITUTE(SUBSTITUTE(UPPER(IFERROR(INDEX('Registro de Comisión'!$G$5:$G$304,MATCH(ROW()-21,'Registro de Comisión'!$P$5:$P$304,0)),"")),"Á","A"),"É","E"),"Í","I"),"Ó","O"),"Ú","U"),"Ü","U"))) | I33: =IF($B33="","",IFERROR(INDEX('Registro de Comisión'!$H$5:$H$304,MATCH(ROW()-21,'Registro de Comisión'!$P$5:$P$304,0)),"")) | J33: =IF($B33="","",TRIM(SUBSTITUTE(SUBSTITUTE(SUBSTITUTE(SUBSTITUTE(SUBSTITUTE(SUBSTITUTE(UPPER(IFERROR(INDEX(tblPeriodos[Institución en el Período],MATCH($B33&"-1",tblPeriodos[Clave (uso interno)],0)),"SIN PERIODO REGISTRADO")),"Á","A"),"É","E"),"Í","I"),"Ó","O"),"Ú","U"),"Ü","U"))) | K33: =IF($B33="","",IFERROR(_xlfn.MINIFS(tblPeriodos[Fecha Inicio del Período],tblPeriodos[Cédula],$B33),"")) | L33: =IF($B33="","",IFERROR(_xlfn.MAXIFS(tblPeriodos[Fecha Fin del Período],tblPeriodos[Cédula],$B33),"")) | M33: =IF($B33="","",COUNTIFS(tblPeriodos[Cédula],$B33)) | N33: =IF($B33="","",SUMIFS(tblPeriodos[Días del Período],tblPeriodos[Cédula],$B33)) | O33: =IF($B33="","",ROUND(N33/365.25,1)) | P33: =IF($B33="","",EDATE(K33,72)) | Q33: =IF($B33="","",P33-TODAY()) | R33: =IF($B33="","",IF(Q33<=0,"🔴 SUPERO LIMITE LEGAL",IF(Q33<=180,"🟠 PROXIMO AL LIMITE (6 ANOS)",IF(Q33<=365,"🟡 VIGILAR (< 1 ANO)","🟢 DENTRO DEL LIMITE")))) | S33: =IF($B33="","",L33-TODAY()) | T33: =IF($B33="","",IF(S33<0,"🔴 COMISION VENCIDA",IF(S33<=90,"🟠 VENCE PRONTO (<=90 DIAS)",IF(S33<=180,"🟡 PROXIMA A VENCER (<=180 DIAS)","🟢 VIGENTE")))) | U33: =IF($B33="","",IF(ABS(N33-(L33-K33+1))<=3,"CONTINUA","CON INTERRUPCIONES - REVISAR")) | V33: =IF($B33="","",TRIM(SUBSTITUTE(SUBSTITUTE(SUBSTITUTE(SUBSTITUTE(SUBSTITUTE(SUBSTITUTE(UPPER(IFERROR(INDEX('Registro de Comisión'!$L$5:$L$304,MATCH($B33&"-ACT",'Registro de Comisión'!$N$5:$N$304,0)),"SIN REGISTRAR")),"Á","A"),"É","E"),"Í","I"),"Ó","O"),"Ú","U"),"Ü","U")))
... A121: =IF($B121="","",ROW()-6) | B121: =IFERROR(INDEX('Registro de Comisión'!$A$5:$A$304,MATCH(ROW()-21,'Registro de Comisión'!$P$5:$P$304,0)),"") | C121: =IF($B121="","",TRIM(SUBSTITUTE(SUBSTITUTE(SUBSTITUTE(SUBSTITUTE(SUBSTITUTE(SUBSTITUTE(UPPER(IFERROR(INDEX('Registro de Comisión'!$B$5:$B$304,MATCH(ROW()-21,'Registro de Comisión'!$P$5:$P$304,0)),"")),"Á","A"),"É","E"),"Í","I"),"Ó","O"),"Ú","U"),"Ü","U"))) | D121: =IF($B121="","",TRIM(SUBSTITUTE(SUBSTITUTE(SUBSTITUTE(SUBSTITUTE(SUBSTITUTE(SUBSTITUTE(UPPER(IFERROR(INDEX('Registro de Comisión'!$C$5:$C$304,MATCH(ROW()-21,'Registro de Comisión'!$P$5:$P$304,0)),"")),"Á","A"),"É","E"),"Í","I"),"Ó","O"),"Ú","U"),"Ü","U"))) | E121: =IF($B121="","",TRIM(SUBSTITUTE(SUBSTITUTE(SUBSTITUTE(SUBSTITUTE(SUBSTITUTE(SUBSTITUTE(UPPER(IFERROR(INDEX('Registro de Comisión'!$D$5:$D$304,MATCH(ROW()-21,'Registro de Comisión'!$P$5:$P$304,0)),"")),"Á","A"),"É","E"),"Í","I"),"Ó","O"),"Ú","U"),"Ü","U"))) | F121: =IF($B121="","",TRIM(SUBSTITUTE(SUBSTITUTE(SUBSTITUTE(SUBSTITUTE(SUBSTITUTE(SUBSTITUTE(UPPER(IFERROR(INDEX('Registro de Comisión'!$E$5:$E$304,MATCH(ROW()-21,'Registro de Comisión'!$P$5:$P$304,0)),"")),"Á","A"),"É","E"),"Í","I"),"Ó","O"),"Ú","U"),"Ü","U"))) | G121: =IF($B121="","",TRIM(SUBSTITUTE(SUBSTITUTE(SUBSTITUTE(SUBSTITUTE(SUBSTITUTE(SUBSTITUTE(UPPER(IFERROR(INDEX('Registro de Comisión'!$F$5:$F$304,MATCH(ROW()-21,'Registro de Comisión'!$P$5:$P$304,0)),"")),"Á","A"),"É","E"),"Í","I"),"Ó","O"),"Ú","U"),"Ü","U"))) | H121: =IF($B121="","",TRIM(SUBSTITUTE(SUBSTITUTE(SUBSTITUTE(SUBSTITUTE(SUBSTITUTE(SUBSTITUTE(UPPER(IFERROR(INDEX('Registro de Comisión'!$G$5:$G$304,MATCH(ROW()-21,'Registro de Comisión'!$P$5:$P$304,0)),"")),"Á","A"),"É","E"),"Í","I"),"Ó","O"),"Ú","U"),"Ü","U"))) | I121: =IF($B121="","",IFERROR(INDEX('Registro de Comisión'!$H$5:$H$304,MATCH(ROW()-21,'Registro de Comisión'!$P$5:$P$304,0)),"")) | J121: =IF($B121="","",TRIM(SUBSTITUTE(SUBSTITUTE(SUBSTITUTE(SUBSTITUTE(SUBSTITUTE(SUBSTITUTE(UPPER(IFERROR(INDEX(tblPeriodos[Institución en el Período],MATCH($B121&"-1",tblPeriodos[Clave (uso interno)],0)),"SIN PERIODO REGISTRADO")),"Á","A"),"É","E"),"Í","I"),"Ó","O"),"Ú","U"),"Ü","U"))) | K121: =IF($B121="","",IFERROR(_xlfn.MINIFS(tblPeriodos[Fecha Inicio del Período],tblPeriodos[Cédula],$B121),"")) | L121: =IF($B121="","",IFERROR(_xlfn.MAXIFS(tblPeriodos[Fecha Fin del Período],tblPeriodos[Cédula],$B121),"")) | M121: =IF($B121="","",COUNTIFS(tblPeriodos[Cédula],$B121)) | N121: =IF($B121="","",SUMIFS(tblPeriodos[Días del Período],tblPeriodos[Cédula],$B121)) | O121: =IF($B121="","",ROUND(N121/365.25,1)) | P121: =IF($B121="","",EDATE(K121,72)) | Q121: =IF($B121="","",P121-TODAY()) | R121: =IF($B121="","",IF(Q121<=0,"🔴 SUPERO LIMITE LEGAL",IF(Q121<=180,"🟠 PROXIMO AL LIMITE (6 ANOS)",IF(Q121<=365,"🟡 VIGILAR (< 1 ANO)","🟢 DENTRO DEL LIMITE")))) | S121: =IF($B121="","",L121-TODAY()) | T121: =IF($B121="","",IF(S121<0,"🔴 COMISION VENCIDA",IF(S121<=90,"🟠 VENCE PRONTO (<=90 DIAS)",IF(S121<=180,"🟡 PROXIMA A VENCER (<=180 DIAS)","🟢 VIGENTE")))) | U121: =IF($B121="","",IF(ABS(N121-(L121-K121+1))<=3,"CONTINUA","CON INTERRUPCIONES - REVISAR")) | V121: =IF($B121="","",TRIM(SUBSTITUTE(SUBSTITUTE(SUBSTITUTE(SUBSTITUTE(SUBSTITUTE(SUBSTITUTE(UPPER(IFERROR(INDEX('Registro de Comisión'!$L$5:$L$304,MATCH($B121&"-ACT",'Registro de Comisión'!$N$5:$N$304,0)),"SIN REGISTRAR")),"Á","A"),"É","E"),"Í","I"),"Ó","O"),"Ú","U"),"Ü","U")))

Sheet Detalle de Periodos
A1: DETALLE DE PERÍODOS DE COMISIÓN (HISTORIAL DE RENOVACIONES)
A2: Una fila por cada período/renovación otorgado. No modificar las columnas F a I (son fórmulas de apoyo).
A4: Cédula | B4: Nombres Completos | C4: Institución en el Período | D4: Fecha Inicio del Período | E4: Fecha Fin del Período | F4: Días del Período | G4: N° de Período | H4: Es Período Actual (1/0) | I4: Clave (uso interno)
A5: 1713260295 | B5: DUQUE VINUEZA GIOVANNY XAVIER | C5: BANCO CENTRAL DEL ECUADOR | D5: 44635 | E5: 45000 | F5: =E5-D5+1 -> 366 | G5: =COUNTIFS($A$5:A5,A5) -> 1 | H5: =IF(E5=_xlfn.MAXIFS($E$5:$E$304,$A$5:$A$304,A5),1,0) -> 0 | I5: =A5&"-"&H5 -> 1713260295-0
A6: 1713260295 | B6: DUQUE VINUEZA GIOVANNY XAVIER | C6: BANCO CENTRAL DEL ECUADOR | D6: 45000 | E6: 45365 | F6: =E6-D6+1 -> 366 | G6: =COUNTIFS($A$5:A6,A6) -> 2 | H6: =IF(E6=_xlfn.MAXIFS($E$5:$E$304,$A$5:$A$304,A6),1,0) -> 0 | I6: =A6&"-"&H6 -> 1713260295-0
A7: 1713260295 | B7: DUQUE VINUEZA GIOVANNY XAVIER | C7: BANCO CENTRAL DEL ECUADOR | D7: 45366 | E7: 45730 | F7: =E7-D7+1 -> 365 | G7: =COUNTIFS($A$5:A7,A7) -> 3 | H7: =IF(E7=_xlfn.MAXIFS($E$5:$E$304,$A$5:$A$304,A7),1,0) -> 0 | I7: =A7&"-"&H7 -> 1713260295-0
A8: 1713260295 | B8: DUQUE VINUEZA GIOVANNY XAVIER | C8: BANCO CENTRAL DEL ECUADOR | D8: 45731 | E8: 46460 | F8: =E8-D8+1 -> 730 | G8: =COUNTIFS($A$5:A8,A8) -> 4 | H8: =IF(E8=_xlfn.MAXIFS($E$5:$E$304,$A$5:$A$304,A8),1,0) -> 1 | I8: =A8&"-"&H8 -> 1713260295-1
A9: 1722632476 | B9: BARAHONA LOPEZ IVAN PATRICIO | C9: BANCO CENTRAL DEL ECUADOR | D9: 44697 | E9: 45062 | F9: =E9-D9+1 -> 366 | G9: =COUNTIFS($A$5:A9,A9) -> 1 | H9: =IF(E9=_xlfn.MAXIFS($E$5:$E$304,$A$5:$A$304,A9),1,0) -> 0 | I9: =A9&"-"&H9 -> 1722632476-0
A10: 1722632476 | B10: BARAHONA LOPEZ IVAN PATRICIO | C10: BANCO CENTRAL DEL ECUADOR | D10: 45062 | E10: 45427 | F10: =E10-D10+1 -> 366 | G10: =COUNTIFS($A$5:A10,A10) -> 2 | H10: =IF(E10=_xlfn.MAXIFS($E$5:$E$304,$A$5:$A$304,A10),1,0) -> 0 | I10: =A10&"-"&H10 -> 1722632476-0
A11: 1722632476 | B11: BARAHONA LOPEZ IVAN PATRICIO | C11: BANCO CENTRAL DEL ECUADOR | D11: 45428 | E11: 45792 | F11: =E11-D11+1 -> 365 | G11: =COUNTIFS($A$5:A11,A11) -> 3 | H11: =IF(E11=_xlfn.MAXIFS($E$5:$E$304,$A$5:$A$304,A11),1,0) -> 0 | I11: =A11&"-"&H11 -> 1722632476-0
A12: 1722632476 | B12: BARAHONA LOPEZ IVAN PATRICIO | C12: BANCO CENTRAL DEL ECUADOR | D12: 45793 | E12: 46522 | F12: =E12-D12+1 -> 730 | G12: =COUNTIFS($A$5:A12,A12) -> 4 | H12: =IF(E12=_xlfn.MAXIFS($E$5:$E$304,$A$5:$A$304,A12),1,0) -> 1 | I12: =A12&"-"&H12 -> 1722632476-1
A13: 1721533576 | B13: TAPIA FLORES GARDENIA CECIBEL | C13: GOBIERNO AUTONOMO DESENTRALZIADO, MUNICIPAL DEL CANTON SEVILLA DE ORO | D13: 45075 | E13: 46535 | F13: =E13-D13+1 -> 1461 | G13: =COUNTIFS($A$5:A13,A13) -> 1 | H13: =IF(E13=_xlfn.MAXIFS($E$5:$E$304,$A$5:$A$304,A13),1,0) -> 1 | I13: =A13&"-"&H13 -> 1721533576-1
A14: 1711688190 | B14: SANTAMARIA RUEDA DIEGO MAURICIO | C14: GOBIERNO AUTONOMO DESCENTRALIZADO DEL DISTRITO METROPOLITANO DE QUITO | D14: 45096 | E14: 45826 | F14: =E14-D14+1 -> 731 | G14: =COUNTIFS($A$5:A14,A14) -> 1 | H14: =IF(E14=_xlfn.MAXIFS($E$5:$E$304,$A$5:$A$304,A14),1,0) -> 0 | I14: =A14&"-"&H14 -> 1711688190-0
A15: 1711688190 | B15: SANTAMARIA RUEDA DIEGO MAURICIO | C15: GOBIERNO AUTONOMO DESCENTRALIZADO DEL DISTRITO METROPOLITANO DE QUITO | D15: 45827 | E15: 46203 | F15: =E15-D15+1 -> 377 | G15: =COUNTIFS($A$5:A15,A15) -> 2 | H15: =IF(E15=_xlfn.MAXIFS($E$5:$E$304,$A$5:$A$304,A15),1,0) -> 1 | I15: =A15&"-"&H15 -> 1711688190-1
A16: 0917368417 | B16: GUERRERO FLORES LENCY WALKIRIA | C16: CONTRALORIA GENERAL DEL ESTADO | D16: 45323 | E16: 46053 | F16: =E16-D16+1 -> 731 | G16: =COUNTIFS($A$5:A16,A16) -> 1 | H16: =IF(E16=_xlfn.MAXIFS($E$5:$E$304,$A$5:$A$304,A16),1,0) -> 0 | I16: =A16&"-"&H16 -> 0917368417-0
... A31: 1721084919 | B31: BEDON VELASCO KARINA SALOME | C31: CONSORCIO DE GOBIERNOS AUTONOMOS PROVINCIALES DEL ECUADOR CONGOPE | D31: 46132 | E31: 46265 | F31: =E31-D31+1 -> 134 | G31: =COUNTIFS($A$5:A31,A31) -> 1 | H31: =IF(E31=_xlfn.MAXIFS($E$5:$E$304,$A$5:$A$304,A31),1,0) -> 1 | I31: =A31&"-"&H31 -> 1721084919-1
A32: =IF('Registro de Comisión'!A32="","",'Registro de Comisión'!A32) | B32: =IF(A32="","",TRIM(SUBSTITUTE(SUBSTITUTE(SUBSTITUTE(SUBSTITUTE(SUBSTITUTE(SUBSTITUTE(UPPER('Registro de Comisión'!B32),"Á","A"),"É","E"),"Í","I"),"Ó","O"),"Ú","U"),"Ü","U"))) | C32: =IF(A32="","",TRIM(SUBSTITUTE(SUBSTITUTE(SUBSTITUTE(SUBSTITUTE(SUBSTITUTE(SUBSTITUTE(UPPER('Registro de Comisión'!I32),"Á","A"),"É","E"),"Í","I"),"Ó","O"),"Ú","U"),"Ü","U"))) | D32: =IF(A32="","",'Registro de Comisión'!J32) | E32: =IF(A32="","",'Registro de Comisión'!K32) | F32: =IF(A32="","",E32-D32+1) | G32: =IF(A32="","",COUNTIFS($A$5:A32,A32)) | H32: =IF(A32="","",IF(E32=_xlfn.MAXIFS($E$5:$E$304,$A$5:$A$304,A32),1,0)) | I32: =IF(A32="","",A32&"-"&H32)
A33: =IF('Registro de Comisión'!A33="","",'Registro de Comisión'!A33) | B33: =IF(A33="","",TRIM(SUBSTITUTE(SUBSTITUTE(SUBSTITUTE(SUBSTITUTE(SUBSTITUTE(SUBSTITUTE(UPPER('Registro de Comisión'!B33),"Á","A"),"É","E"),"Í","I"),"Ó","O"),"Ú","U"),"Ü","U"))) | C33: =IF(A33="","",TRIM(SUBSTITUTE(SUBSTITUTE(SUBSTITUTE(SUBSTITUTE(SUBSTITUTE(SUBSTITUTE(UPPER('Registro de Comisión'!I33),"Á","A"),"É","E"),"Í","I"),"Ó","O"),"Ú","U"),"Ü","U"))) | D33: =IF(A33="","",'Registro de Comisión'!J33) | E33: =IF(A33="","",'Registro de Comisión'!K33) | F33: =IF(A33="","",E33-D33+1) | G33: =IF(A33="","",COUNTIFS($A$5:A33,A33)) | H33: =IF(A33="","",IF(E33=_xlfn.MAXIFS($E$5:$E$304,$A$5:$A$304,A33),1,0)) | I33: =IF(A33="","",A33&"-"&H33)
A34: =IF('Registro de Comisión'!A34="","",'Registro de Comisión'!A34) | B34: =IF(A34="","",TRIM(SUBSTITUTE(SUBSTITUTE(SUBSTITUTE(SUBSTITUTE(SUBSTITUTE(SUBSTITUTE(UPPER('Registro de Comisión'!B34),"Á","A"),"É","E"),"Í","I"),"Ó","O"),"Ú","U"),"Ü","U"))) | C34: =IF(A34="","",TRIM(SUBSTITUTE(SUBSTITUTE(SUBSTITUTE(SUBSTITUTE(SUBSTITUTE(SUBSTITUTE(UPPER('Registro de Comisión'!I34),"Á","A"),"É","E"),"Í","I"),"Ó","O"),"Ú","U"),"Ü","U"))) | D34: =IF(A34="","",'Registro de Comisión'!J34) | E34: =IF(A34="","",'Registro de Comisión'!K34) | F34: =IF(A34="","",E34-D34+1) | G34: =IF(A34="","",COUNTIFS($A$5:A34,A34)) | H34: =IF(A34="","",IF(E34=_xlfn.MAXIFS($E$5:$E$304,$A$5:$A$304,A34),1,0)) | I34: =IF(A34="","",A34&"-"&H34)
A35: =IF('Registro de Comisión'!A35="","",'Registro de Comisión'!A35) | B35: =IF(A35="","",TRIM(SUBSTITUTE(SUBSTITUTE(SUBSTITUTE(SUBSTITUTE(SUBSTITUTE(SUBSTITUTE(UPPER('Registro de Comisión'!B35),"Á","A"),"É","E"),"Í","I"),"Ó","O"),"Ú","U"),"Ü","U"))) | C35: =IF(A35="","",TRIM(SUBSTITUTE(SUBSTITUTE(SUBSTITUTE(SUBSTITUTE(SUBSTITUTE(SUBSTITUTE(UPPER('Registro de Comisión'!I35),"Á","A"),"É","E"),"Í","I"),"Ó","O"),"Ú","U"),"Ü","U"))) | D35: =IF(A35="","",'Registro de Comisión'!J35) | E35: =IF(A35="","",'Registro de Comisión'!K35) | F35: =IF(A35="","",E35-D35+1) | G35: =IF(A35="","",COUNTIFS($A$5:A35,A35)) | H35: =IF(A35="","",IF(E35=_xlfn.MAXIFS($E$5:$E$304,$A$5:$A$304,A35),1,0)) | I35: =IF(A35="","",A35&"-"&H35)
A36: =IF('Registro de Comisión'!A36="","",'Registro de Comisión'!A36) | B36: =IF(A36="","",TRIM(SUBSTITUTE(SUBSTITUTE(SUBSTITUTE(SUBSTITUTE(SUBSTITUTE(SUBSTITUTE(UPPER('Registro de Comisión'!B36),"Á","A"),"É","E"),"Í","I"),"Ó","O"),"Ú","U"),"Ü","U"))) | C36: =IF(A36="","",TRIM(SUBSTITUTE(SUBSTITUTE(SUBSTITUTE(SUBSTITUTE(SUBSTITUTE(SUBSTITUTE(UPPER('Registro de Comisión'!I36),"Á","A"),"É","E"),"Í","I"),"Ó","O"),"Ú","U"),"Ü","U"))) | D36: =IF(A36="","",'Registro de Comisión'!J36) | E36: =IF(A36="","",'Registro de Comisión'!K36) | F36: =IF(A36="","",E36-D36+1) | G36: =IF(A36="","",COUNTIFS($A$5:A36,A36)) | H36: =IF(A36="","",IF(E36=_xlfn.MAXIFS($E$5:$E$304,$A$5:$A$304,A36),1,0)) | I36: =IF(A36="","",A36&"-"&H36)
A37: =IF('Registro de Comisión'!A37="","",'Registro de Comisión'!A37) | B37: =IF(A37="","",TRIM(SUBSTITUTE(SUBSTITUTE(SUBSTITUTE(SUBSTITUTE(SUBSTITUTE(SUBSTITUTE(UPPER('Registro de Comisión'!B37),"Á","A"),"É","E"),"Í","I"),"Ó","O"),"Ú","U"),"Ü","U"))) | C37: =IF(A37="","",TRIM(SUBSTITUTE(SUBSTITUTE(SUBSTITUTE(SUBSTITUTE(SUBSTITUTE(SUBSTITUTE(UPPER('Registro de Comisión'!I37),"Á","A"),"É","E"),"Í","I"),"Ó","O"),"Ú","U"),"Ü","U"))) | D37: =IF(A37="","",'Registro de Comisión'!J37) | E37: =IF(A37="","",'Registro de Comisión'!K37) | F37: =IF(A37="","",E37-D37+1) | G37: =IF(A37="","",COUNTIFS($A$5:A37,A37)) | H37: =IF(A37="","",IF(E37=_xlfn.MAXIFS($E$5:$E$304,$A$5:$A$304,A37),1,0)) | I37: =IF(A37="","",A37&"-"&H37)
A38: =IF('Registro de Comisión'!A38="","",'Registro de Comisión'!A38) | B38: =IF(A38="","",TRIM(SUBSTITUTE(SUBSTITUTE(SUBSTITUTE(SUBSTITUTE(SUBSTITUTE(SUBSTITUTE(UPPER('Registro de Comisión'!B38),"Á","A"),"É","E"),"Í","I"),"Ó","O"),"Ú","U"),"Ü","U"))) | C38: =IF(A38="","",TRIM(SUBSTITUTE(SUBSTITUTE(SUBSTITUTE(SUBSTITUTE(SUBSTITUTE(SUBSTITUTE(UPPER('Registro de Comisión'!I38),"Á","A"),"É","E"),"Í","I"),"Ó","O"),"Ú","U"),"Ü","U"))) | D38: =IF(A38="","",'Registro de Comisión'!J38) | E38: =IF(A38="","",'Registro de Comisión'!K38) | F38: =IF(A38="","",E38-D38+1) | G38: =IF(A38="","",COUNTIFS($A$5:A38,A38)) | H38: =IF(A38="","",IF(E38=_xlfn.MAXIFS($E$5:$E$304,$A$5:$A$304,A38),1,0)) | I38: =IF(A38="","",A38&"-"&H38)
A39: =IF('Registro de Comisión'!A39="","",'Registro de Comisión'!A39) | B39: =IF(A39="","",TRIM(SUBSTITUTE(SUBSTITUTE(SUBSTITUTE(SUBSTITUTE(SUBSTITUTE(SUBSTITUTE(UPPER('Registro de Comisión'!B39),"Á","A"),"É","E"),"Í","I"),"Ó","O"),"Ú","U"),"Ü","U"))) | C39: =IF(A39="","",TRIM(SUBSTITUTE(SUBSTITUTE(SUBSTITUTE(SUBSTITUTE(SUBSTITUTE(SUBSTITUTE(UPPER('Registro de Comisión'!I39),"Á","A"),"É","E"),"Í","I"),"Ó","O"),"Ú","U"),"Ü","U"))) | D39: =IF(A39="","",'Registro de Comisión'!J39) | E39: =IF(A39="","",'Registro de Comisión'!K39) | F39: =IF(A39="","",E39-D39+1) | G39: =IF(A39="","",COUNTIFS($A$5:A39,A39)) | H39: =IF(A39="","",IF(E39=_xlfn.MAXIFS($E$5:$E$304,$A$5:$A$304,A39),1,0)) | I39: =IF(A39="","",A39&"-"&H39)
A40: =IF('Registro de Comisión'!A40="","",'Registro de Comisión'!A40) | B40: =IF(A40="","",TRIM(SUBSTITUTE(SUBSTITUTE(SUBSTITUTE(SUBSTITUTE(SUBSTITUTE(SUBSTITUTE(UPPER('Registro de Comisión'!B40),"Á","A"),"É","E"),"Í","I"),"Ó","O"),"Ú","U"),"Ü","U"))) | C40: =IF(A40="","",TRIM(SUBSTITUTE(SUBSTITUTE(SUBSTITUTE(SUBSTITUTE(SUBSTITUTE(SUBSTITUTE(UPPER('Registro de Comisión'!I40),"Á","A"),"É","E"),"Í","I"),"Ó","O"),"Ú","U"),"Ü","U"))) | D40: =IF(A40="","",'Registro de Comisión'!J40) | E40: =IF(A40="","",'Registro de Comisión'!K40) | F40: =IF(A40="","",E40-D40+1) | G40: =IF(A40="","",COUNTIFS($A$5:A40,A40)) | H40: =IF(A40="","",IF(E40=_xlfn.MAXIFS($E$5:$E$304,$A$5:$A$304,A40),1,0)) | I40: =IF(A40="","",A40&"-"&H40)
A41: =IF('Registro de Comisión'!A41="","",'Registro de Comisión'!A41) | B41: =IF(A41="","",TRIM(SUBSTITUTE(SUBSTITUTE(SUBSTITUTE(SUBSTITUTE(SUBSTITUTE(SUBSTITUTE(UPPER('Registro de Comisión'!B41),"Á","A"),"É","E"),"Í","I"),"Ó","O"),"Ú","U"),"Ü","U"))) | C41: =IF(A41="","",TRIM(SUBSTITUTE(SUBSTITUTE(SUBSTITUTE(SUBSTITUTE(SUBSTITUTE(SUBSTITUTE(UPPER('Registro de Comisión'!I41),"Á","A"),"É","E"),"Í","I"),"Ó","O"),"Ú","U"),"Ü","U"))) | D41: =IF(A41="","",'Registro de Comisión'!J41) | E41: =IF(A41="","",'Registro de Comisión'!K41) | F41: =IF(A41="","",E41-D41+1) | G41: =IF(A41="","",COUNTIFS($A$5:A41,A41)) | H41: =IF(A41="","",IF(E41=_xlfn.MAXIFS($E$5:$E$304,$A$5:$A$304,A41),1,0)) | I41: =IF(A41="","",A41&"-"&H41)
A42: =IF('Registro de Comisión'!A42="","",'Registro de Comisión'!A42) | B42: =IF(A42="","",TRIM(SUBSTITUTE(SUBSTITUTE(SUBSTITUTE(SUBSTITUTE(SUBSTITUTE(SUBSTITUTE(UPPER('Registro de Comisión'!B42),"Á","A"),"É","E"),"Í","I"),"Ó","O"),"Ú","U"),"Ü","U"))) | C42: =IF(A42="","",TRIM(SUBSTITUTE(SUBSTITUTE(SUBSTITUTE(SUBSTITUTE(SUBSTITUTE(SUBSTITUTE(UPPER('Registro de Comisión'!I42),"Á","A"),"É","E"),"Í","I"),"Ó","O"),"Ú","U"),"Ü","U"))) | D42: =IF(A42="","",'Registro de Comisión'!J42) | E42: =IF(A42="","",'Registro de Comisión'!K42) | F42: =IF(A42="","",E42-D42+1) | G42: =IF(A42="","",COUNTIFS($A$5:A42,A42)) | H42: =IF(A42="","",IF(E42=_xlfn.MAXIFS($E$5:$E$304,$A$5:$A$304,A42),1,0)) | I42: =IF(A42="","",A42&"-"&H42)
A43: =IF('Registro de Comisión'!A43="","",'Registro de Comisión'!A43) | B43: =IF(A43="","",TRIM(SUBSTITUTE(SUBSTITUTE(SUBSTITUTE(SUBSTITUTE(SUBSTITUTE(SUBSTITUTE(UPPER('Registro de Comisión'!B43),"Á","A"),"É","E"),"Í","I"),"Ó","O"),"Ú","U"),"Ü","U"))) | C43: =IF(A43="","",TRIM(SUBSTITUTE(SUBSTITUTE(SUBSTITUTE(SUBSTITUTE(SUBSTITUTE(SUBSTITUTE(UPPER('Registro de Comisión'!I43),"Á","A"),"É","E"),"Í","I"),"Ó","O"),"Ú","U"),"Ü","U"))) | D43: =IF(A43="","",'Registro de Comisión'!J43) | E43: =IF(A43="","",'Registro de Comisión'!K43) | F43: =IF(A43="","",E43-D43+1) | G43: =IF(A43="","",COUNTIFS($A$5:A43,A43)) | H43: =IF(A43="","",IF(E43=_xlfn.MAXIFS($E$5:$E$304,$A$5:$A$304,A43),1,0)) | I43: =IF(A43="","",A43&"-"&H43)
... A304: =IF('Registro de Comisión'!A304="","",'Registro de Comisión'!A304) | B304: =IF(A304="","",TRIM(SUBSTITUTE(SUBSTITUTE(SUBSTITUTE(SUBSTITUTE(SUBSTITUTE(SUBSTITUTE(UPPER('Registro de Comisión'!B304),"Á","A"),"É","E"),"Í","I"),"Ó","O"),"Ú","U"),"Ü","U"))) | C304: =IF(A304="","",TRIM(SUBSTITUTE(SUBSTITUTE(SUBSTITUTE(SUBSTITUTE(SUBSTITUTE(SUBSTITUTE(UPPER('Registro de Comisión'!I304),"Á","A"),"É","E"),"Í","I"),"Ó","O"),"Ú","U"),"Ü","U"))) | D304: =IF(A304="","",'Registro de Comisión'!J304) | E304: =IF(A304="","",'Registro de Comisión'!K304) | F304: =IF(A304="","",E304-D304+1) | G304: =IF(A304="","",COUNTIFS($A$5:A304,A304)) | H304: =IF(A304="","",IF(E304=_xlfn.MAXIFS($E$5:$E$304,$A$5:$A$304,A304),1,0)) | I304: =IF(A304="","",A304&"-"&H304)

Sheet Registro de Comisión
A1: REGISTRO DE COMISIÓN — NUEVOS INGRESOS Y RENOVACIONES
A2: Filas 5 a 31: historial de las 15 personas que ya están en comisión (igual que en "Detalle de Periodos"). Desde la fila 32: registre aquí una persona NUEVA o una RENOVACIÓN/EXTENSIÓN. Al escribir una cédula que ya existe, las columnas B a H se completan solas. Las demás pestañas se actualizan automáticamente; no fueron modificadas.
A3: PERSONA NUEVA: escriba su cédula y complete usted mismo los datos (nombres, ciudad, intendencia, dirección, cargo, grupo, RMU) además del período. RENOVACIÓN/EXTENSIÓN de alguien que ya está registrado: escriba su cédula (las columnas B-H se llenan solas) y complete solo los datos del nuevo período (institución, fechas y servidor). Use las filas desde la 32 en adelante para esto: las filas 5-31 son el historial ya cargado.
A4: Cédula | B4: Nombres Completos | C4: Ciudad | D4: Intendencia de Origen | E4: Dirección de Origen | F4: Cargo | G4: Grupo Ocupacional | H4: RMU | I4: Institución en el Período | J4: Fecha Inicio del Período | K4: Fecha Fin del Período | L4: Servidor que Ocupa la Partida | M4: Es Período Actual (uso interno) | N4: Clave Actual (uso interno) | O4: Es Primera Vez - Persona Nueva (uso interno) | P4: Orden Persona Nueva (uso interno)
A5: 1713260295 | B5: =IF($A5="","",TRIM(SUBSTITUTE(SUBSTITUTE(SUBSTITUTE(SUBSTITUTE(SUBSTITUTE(SUBSTITUTE(UPPER(IFERROR(INDEX('Base de Personas'!$C7:C21,MATCH($A5,'Base de Personas'!$B7:B21,0)),"")),"Á","A"),"É","E"),"Í","I"),"Ó","O"),"Ú","U"),"Ü","U"))) -> DUQUE VINUEZA GIOVANNY XAVIER | C5: =IF($A5="","",TRIM(SUBSTITUTE(SUBSTITUTE(SUBSTITUTE(SUBSTITUTE(SUBSTITUTE(SUBSTITUTE(UPPER(IFERROR(INDEX('Base de Personas'!$D7:D21,MATCH($A5,'Base de Personas'!$B7:B21,0)),"")),"Á","A"),"É","E"),"Í","I"),"Ó","O"),"Ú","U"),"Ü","U"))) -> QUITO | D5: =IF($A5="","",TRIM(SUBSTITUTE(SUBSTITUTE(SUBSTITUTE(SUBSTITUTE(SUBSTITUTE(SUBSTITUTE(UPPER(IFERROR(INDEX('Base de Personas'!$E7:E21,MATCH($A5,'Base de Personas'!$B7:B21,0)),"")),"Á","A"),"É","E"),"Í","I"),"Ó","O"),"Ú","U"),"Ü","U"))) -> INTENDENTE NACIONAL DE SUPERVISION A ORGANIZACIONES DE LA ECONOMIA POPULAR Y SOLIDARIA | E5: =IF($A5="","",TRIM(SUBSTITUTE(SUBSTITUTE(SUBSTITUTE(SUBSTITUTE(SUBSTITUTE(SUBSTITUTE(UPPER(IFERROR(INDEX('Base de Personas'!$F7:F21,MATCH($A5,'Base de Personas'!$B7:B21,0)),"")),"Á","A"),"É","E"),"Í","I"),"Ó","O"),"Ú","U"),"Ü","U"))) -> DIRECCION NACIONAL LEGAL DE ORGANIZACIONES DE LA ECONOMIA POPULAR Y SOLIDARIA | F5: =IF($A5="","",TRIM(SUBSTITUTE(SUBSTITUTE(SUBSTITUTE(SUBSTITUTE(SUBSTITUTE(SUBSTITUTE(UPPER(IFERROR(INDEX('Base de Personas'!$G7:G21,MATCH($A5,'Base de Personas'!$B7:B21,0)),"")),"Á","A"),"É","E"),"Í","I"),"Ó","O"),"Ú","U"),"Ü","U"))) -> ANALISTA JURIDICO 2 DE LA EPS | G5: =IF($A5="","",TRIM(SUBSTITUTE(SUBSTITUTE(SUBSTITUTE(SUBSTITUTE(SUBSTITUTE(SUBSTITUTE(UPPER(IFERROR(INDEX('Base de Personas'!$H7:H21,MATCH($A5,'Base de Personas'!$B7:B21,0)),"")),"Á","A"),"É","E"),"Í","I"),"Ó","O"),"Ú","U"),"Ü","U"))) -> SERVIDOR PUBLICO 7 | H5: =IF($A5="","",IFERROR(INDEX('Base de Personas'!$I$7:$I$21,MATCH($A5,'Base de Personas'!$B$7:$B$21,0)),"")) -> 1676 | I5: BANCO CENTRAL DEL ECUADOR | J5: 44635 | K5: 45000 | M5: =IF($A5="","",IF(K5=_xlfn.MAXIFS($K$5:$K$304,$A$5:$A$304,$A5),1,0)) -> 0 | N5: =IF($A5="","",IF(M5=1,$A5&"-ACT","")) | O5: =IF($A5="","",IF(AND(COUNTIF('Base de Personas'!$B$7:$B$21,$A5)=0,COUNTIF($A$5:A5,$A5)=1),1,0)) -> 0 | P5: =IF(O5=1,SUM($O$5:O5),"")
A6: 1713260295 | B6: =IF($A6="","",TRIM(SUBSTITUTE(SUBSTITUTE(SUBSTITUTE(SUBSTITUTE(SUBSTITUTE(SUBSTITUTE(UPPER(IFERROR(INDEX('Base de Personas'!$C7:C21,MATCH($A6,'Base de Personas'!$B7:B21,0)),IFERROR(INDEX($B$5:B5,MATCH($A6,$A$5:A5,0)),""))),"Á","A"),"É","E"),"Í","I"),"Ó","O"),"Ú","U"),"Ü","U"))) -> DUQUE VINUEZA GIOVANNY XAVIER | C6: =IF($A6="","",TRIM(SUBSTITUTE(SUBSTITUTE(SUBSTITUTE(SUBSTITUTE(SUBSTITUTE(SUBSTITUTE(UPPER(IFERROR(INDEX('Base de Personas'!$D7:D21,MATCH($A6,'Base de Personas'!$B7:B21,0)),IFERROR(INDEX($C$5:C5,MATCH($A6,$A$5:A5,0)),""))),"Á","A"),"É","E"),"Í","I"),"Ó","O"),"Ú","U"),"Ü","U"))) -> QUITO | D6: =IF($A6="","",TRIM(SUBSTITUTE(SUBSTITUTE(SUBSTITUTE(SUBSTITUTE(SUBSTITUTE(SUBSTITUTE(UPPER(IFERROR(INDEX('Base de Personas'!$E7:E21,MATCH($A6,'Base de Personas'!$B7:B21,0)),IFERROR(INDEX($D$5:D5,MATCH($A6,$A$5:A5,0)),""))),"Á","A"),"É","E"),"Í","I"),"Ó","O"),"Ú","U"),"Ü","U"))) -> INTENDENTE NACIONAL DE SUPERVISION A ORGANIZACIONES DE LA ECONOMIA POPULAR Y SOLIDARIA | E6: =IF($A6="","",TRIM(SUBSTITUTE(SUBSTITUTE(SUBSTITUTE(SUBSTITUTE(SUBSTITUTE(SUBSTITUTE(UPPER(IFERROR(INDEX('Base de Personas'!$F7:F21,MATCH($A6,'Base de Personas'!$B7:B21,0)),IFERROR(INDEX($E$5:E5,MATCH($A6,$A$5:A5,0)),""))),"Á","A"),"É","E"),"Í","I"),"Ó","O"),"Ú","U"),"Ü","U"))) -> DIRECCION NACIONAL LEGAL DE ORGANIZACIONES DE LA ECONOMIA POPULAR Y SOLIDARIA | F6: =IF($A6="","",TRIM(SUBSTITUTE(SUBSTITUTE(SUBSTITUTE(SUBSTITUTE(SUBSTITUTE(SUBSTITUTE(UPPER(IFERROR(INDEX('Base de Personas'!$G7:G21,MATCH($A6,'Base de Personas'!$B7:B21,0)),IFERROR(INDEX($F$5:F5,MATCH($A6,$A$5:A5,0)),""))),"Á","A"),"É","E"),"Í","I"),"Ó","O"),"Ú","U"),"Ü","U"))) -> ANALISTA JURIDICO 2 DE LA EPS | G6: =IF($A6="","",TRIM(SUBSTITUTE(SUBSTITUTE(SUBSTITUTE(SUBSTITUTE(SUBSTITUTE(SUBSTITUTE(UPPER(IFERROR(INDEX('Base de Personas'!$H7:H21,MATCH($A6,'Base de Personas'!$B7:B21,0)),IFERROR(INDEX($G$5:G5,MATCH($A6,$A$5:A5,0)),""))),"Á","A"),"É","E"),"Í","I"),"Ó","O"),"Ú","U"),"Ü","U"))) -> SERVIDOR PUBLICO 7 | H6: =IF($A6="","",IFERROR(INDEX('Base de Personas'!$I$7:$I$21,MATCH($A6,'Base de Personas'!$B$7:$B$21,0)),IFERROR(INDEX($H$5:H5,MATCH($A6,$A$5:A5,0)),""))) -> 1676 | I6: BANCO CENTRAL DEL ECUADOR | J6: 45000 | K6: 45365 | M6: =IF($A6="","",IF(K6=_xlfn.MAXIFS($K$5:$K$304,$A$5:$A$304,$A6),1,0)) -> 0 | N6: =IF($A6="","",IF(M6=1,$A6&"-ACT","")) | O6: =IF($A6="","",IF(AND(COUNTIF('Base de Personas'!$B$7:$B$21,$A6)=0,COUNTIF($A$5:A6,$A6)=1),1,0)) -> 0 | P6: =IF(O6=1,SUM($O$5:O6),"")
A7: 1713260295 | B7: =IF($A7="","",TRIM(SUBSTITUTE(SUBSTITUTE(SUBSTITUTE(SUBSTITUTE(SUBSTITUTE(SUBSTITUTE(UPPER(IFERROR(INDEX('Base de Personas'!$C7:C21,MATCH($A7,'Base de Personas'!$B7:B21,0)),IFERROR(INDEX($B$5:B6,MATCH($A7,$A$5:A6,0)),""))),"Á","A"),"É","E"),"Í","I"),"Ó","O"),"Ú","U"),"Ü","U"))) -> DUQUE VINUEZA GIOVANNY XAVIER | C7: =IF($A7="","",TRIM(SUBSTITUTE(SUBSTITUTE(SUBSTITUTE(SUBSTITUTE(SUBSTITUTE(SUBSTITUTE(UPPER(IFERROR(INDEX('Base de Personas'!$D7:D21,MATCH($A7,'Base de Personas'!$B7:B21,0)),IFERROR(INDEX($C$5:C6,MATCH($A7,$A$5:A6,0)),""))),"Á","A"),"É","E"),"Í","I"),"Ó","O"),"Ú","U"),"Ü","U"))) -> QUITO | D7: =IF($A7="","",TRIM(SUBSTITUTE(SUBSTITUTE(SUBSTITUTE(SUBSTITUTE(SUBSTITUTE(SUBSTITUTE(UPPER(IFERROR(INDEX('Base de Personas'!$E7:E21,MATCH($A7,'Base de Personas'!$B7:B21,0)),IFERROR(INDEX($D$5:D6,MATCH($A7,$A$5:A6,0)),""))),"Á","A"),"É","E"),"Í","I"),"Ó","O"),"Ú","U"),"Ü","U"))) -> INTENDENTE NACIONAL DE SUPERVISION A ORGANIZACIONES DE LA ECONOMIA POPULAR Y SOLIDARIA | E7: =IF($A7="","",TRIM(SUBSTITUTE(SUBSTITUTE(SUBSTITUTE(SUBSTITUTE(SUBSTITUTE(SUBSTITUTE(UPPER(IFERROR(INDEX('Base de Personas'!$F7:F21,MATCH($A7,'Base de Personas'!$B7:B21,0)),IFERROR(INDEX($E$5:E6,MATCH($A7,$A$5:A6,0)),""))),"Á","A"),"É","E"),"Í","I"),"Ó","O"),"Ú","U"),"Ü","U"))) -> DIRECCION NACIONAL LEGAL DE ORGANIZACIONES DE LA ECONOMIA POPULAR Y SOLIDARIA | F7: =IF($A7="","",TRIM(SUBSTITUTE(SUBSTITUTE(SUBSTITUTE(SUBSTITUTE(SUBSTITUTE(SUBSTITUTE(UPPER(IFERROR(INDEX('Base de Personas'!$G7:G21,MATCH($A7,'Base de Personas'!$B7:B21,0)),IFERROR(INDEX($F$5:F6,MATCH($A7,$A$5:A6,0)),""))),"Á","A"),"É","E"),"Í","I"),"Ó","O"),"Ú","U"),"Ü","U"))) -> ANALISTA JURIDICO 2 DE LA EPS | G7: =IF($A7="","",TRIM(SUBSTITUTE(SUBSTITUTE(SUBSTITUTE(SUBSTITUTE(SUBSTITUTE(SUBSTITUTE(UPPER(IFERROR(INDEX('Base de Personas'!$H7:H21,MATCH($A7,'Base de Personas'!$B7:B21,0)),IFERROR(INDEX($G$5:G6,MATCH($A7,$A$5:A6,0)),""))),"Á","A"),"É","E"),"Í","I"),"Ó","O"),"Ú","U"),"Ü","U"))) -> SERVIDOR PUBLICO 7 | H7: =IF($A7="","",IFERROR(INDEX('Base de Personas'!$I$7:$I$21,MATCH($A7,'Base de Personas'!$B$7:$B$21,0)),IFERROR(INDEX($H$5:H6,MATCH($A7,$A$5:A6,0)),""))) -> 1676 | I7: BANCO CENTRAL DEL ECUADOR | J7: 45366 | K7: 45730 | M7: =IF($A7="","",IF(K7=_xlfn.MAXIFS($K$5:$K$304,$A$5:$A$304,$A7),1,0)) -> 0 | N7: =IF($A7="","",IF(M7=1,$A7&"-ACT","")) | O7: =IF($A7="","",IF(AND(COUNTIF('Base de Personas'!$B$7:$B$21,$A7)=0,COUNTIF($A$5:A7,$A7)=1),1,0)) -> 0 | P7: =IF(O7=1,SUM($O$5:O7),"")
A8: 1713260295 | B8: =IF($A8="","",TRIM(SUBSTITUTE(SUBSTITUTE(SUBSTITUTE(SUBSTITUTE(SUBSTITUTE(SUBSTITUTE(UPPER(IFERROR(INDEX('Base de Personas'!$C7:C21,MATCH($A8,'Base de Personas'!$B7:B21,0)),IFERROR(INDEX($B$5:B7,MATCH($A8,$A$5:A7,0)),""))),"Á","A"),"É","E"),"Í","I"),"Ó","O"),"Ú","U"),"Ü","U"))) -> DUQUE VINUEZA GIOVANNY XAVIER | C8: =IF($A8="","",TRIM(SUBSTITUTE(SUBSTITUTE(SUBSTITUTE(SUBSTITUTE(SUBSTITUTE(SUBSTITUTE(UPPER(IFERROR(INDEX('Base de Personas'!$D7:D21,MATCH($A8,'Base de Personas'!$B7:B21,0)),IFERROR(INDEX($C$5:C7,MATCH($A8,$A$5:A7,0)),""))),"Á","A"),"É","E"),"Í","I"),"Ó","O"),"Ú","U"),"Ü","U"))) -> QUITO | D8: =IF($A8="","",TRIM(SUBSTITUTE(SUBSTITUTE(SUBSTITUTE(SUBSTITUTE(SUBSTITUTE(SUBSTITUTE(UPPER(IFERROR(INDEX('Base de Personas'!$E7:E21,MATCH($A8,'Base de Personas'!$B7:B21,0)),IFERROR(INDEX($D$5:D7,MATCH($A8,$A$5:A7,0)),""))),"Á","A"),"É","E"),"Í","I"),"Ó","O"),"Ú","U"),"Ü","U"))) -> INTENDENTE NACIONAL DE SUPERVISION A ORGANIZACIONES DE LA ECONOMIA POPULAR Y SOLIDARIA | E8: =IF($A8="","",TRIM(SUBSTITUTE(SUBSTITUTE(SUBSTITUTE(SUBSTITUTE(SUBSTITUTE(SUBSTITUTE(UPPER(IFERROR(INDEX('Base de Personas'!$F7:F21,MATCH($A8,'Base de Personas'!$B7:B21,0)),IFERROR(INDEX($E$5:E7,MATCH($A8,$A$5:A7,0)),""))),"Á","A"),"É","E"),"Í","I"),"Ó","O"),"Ú","U"),"Ü","U"))) -> DIRECCION NACIONAL LEGAL DE ORGANIZACIONES DE LA ECONOMIA POPULAR Y SOLIDARIA | F8: =IF($A8="","",TRIM(SUBSTITUTE(SUBSTITUTE(SUBSTITUTE(SUBSTITUTE(SUBSTITUTE(SUBSTITUTE(UPPER(IFERROR(INDEX('Base de Personas'!$G7:G21,MATCH($A8,'Base de Personas'!$B7:B21,0)),IFERROR(INDEX($F$5:F7,MATCH($A8,$A$5:A7,0)),""))),"Á","A"),"É","E"),"Í","I"),"Ó","O"),"Ú","U"),"Ü","U"))) -> ANALISTA JURIDICO 2 DE LA EPS | G8: =IF($A8="","",TRIM(SUBSTITUTE(SUBSTITUTE(SUBSTITUTE(SUBSTITUTE(SUBSTITUTE(SUBSTITUTE(UPPER(IFERROR(INDEX('Base de Personas'!$H7:H21,MATCH($A8,'Base de Personas'!$B7:B21,0)),IFERROR(INDEX($G$5:G7,MATCH($A8,$A$5:A7,0)),""))),"Á","A"),"É","E"),"Í","I"),"Ó","O"),"Ú","U"),"Ü","U"))) -> SERVIDOR PUBLICO 7 | H8: =IF($A8="","",IFERROR(INDEX('Base de Personas'!$I$7:$I$21,MATCH($A8,'Base de Personas'!$B$7:$B$21,0)),IFERROR(INDEX($H$5:H7,MATCH($A8,$A$5:A7,0)),""))) -> 1676 | I8: BANCO CENTRAL DEL ECUADOR | J8: 45731 | K8: 46460 | L8: NEIRA TACURE ELIZABETH DEL CARMEN | M8: =IF($A8="","",IF(K8=_xlfn.MAXIFS($K$5:$K$304,$A$5:$A$304,$A8),1,0)) -> 1 | N8: =IF($A8="","",IF(M8=1,$A8&"-ACT","")) -> 1713260295-ACT | O8: =IF($A8="","",IF(AND(COUNTIF('Base de Personas'!$B$7:$B$21,$A8)=0,COUNTIF($A$5:A8,$A8)=1),1,0)) -> 0 | P8: =IF(O8=1,SUM($O$5:O8),"")
A9: 1722632476 | B9: =IF($A9="","",TRIM(SUBSTITUTE(SUBSTITUTE(SUBSTITUTE(SUBSTITUTE(SUBSTITUTE(SUBSTITUTE(UPPER(IFERROR(INDEX('Base de Personas'!$C7:C21,MATCH($A9,'Base de Personas'!$B7:B21,0)),IFERROR(INDEX($B$5:B8,MATCH($A9,$A$5:A8,0)),""))),"Á","A"),"É","E"),"Í","I"),"Ó","O"),"Ú","U"),"Ü","U"))) -> BARAHONA LOPEZ IVAN PATRICIO | C9: =IF($A9="","",TRIM(SUBSTITUTE(SUBSTITUTE(SUBSTITUTE(SUBSTITUTE(SUBSTITUTE(SUBSTITUTE(UPPER(IFERROR(INDEX('Base de Personas'!$D7:D21,MATCH($A9,'Base de Personas'!$B7:B21,0)),IFERROR(INDEX($C$5:C8,MATCH($A9,$A$5:A8,0)),""))),"Á","A"),"É","E"),"Í","I"),"Ó","O"),"Ú","U"),"Ü","U"))) -> QUITO | D9: =IF($A9="","",TRIM(SUBSTITUTE(SUBSTITUTE(SUBSTITUTE(SUBSTITUTE(SUBSTITUTE(SUBSTITUTE(UPPER(IFERROR(INDEX('Base de Personas'!$E7:E21,MATCH($A9,'Base de Personas'!$B7:B21,0)),IFERROR(INDEX($D$5:D8,MATCH($A9,$A$5:A8,0)),""))),"Á","A"),"É","E"),"Í","I"),"Ó","O"),"Ú","U"),"Ü","U"))) -> SECRETARIA GENERAL | E9: =IF($A9="","",TRIM(SUBSTITUTE(SUBSTITUTE(SUBSTITUTE(SUBSTITUTE(SUBSTITUTE(SUBSTITUTE(UPPER(IFERROR(INDEX('Base de Personas'!$F7:F21,MATCH($A9,'Base de Personas'!$B7:B21,0)),IFERROR(INDEX($E$5:E8,MATCH($A9,$A$5:A8,0)),""))),"Á","A"),"É","E"),"Í","I"),"Ó","O"),"Ú","U"),"Ü","U"))) -> DIRECCION NACIONAL DE GESTION DOCUMENTAL Y ARCHIVO | F9: =IF($A9="","",TRIM(SUBSTITUTE(SUBSTITUTE(SUBSTITUTE(SUBSTITUTE(SUBSTITUTE(SUBSTITUTE(UPPER(IFERROR(INDEX('Base de Personas'!$G7:G21,MATCH($A9,'Base de Personas'!$B7:B21,0)),IFERROR(INDEX($F$5:F8,MATCH($A9,$A$5:A8,0)),""))),"Á","A"),"É","E"),"Í","I"),"Ó","O"),"Ú","U"),"Ü","U"))) -> ASISTENTE TECNICO DE GESTION DOCUMENTAL | G9: =IF($A9="","",TRIM(SUBSTITUTE(SUBSTITUTE(SUBSTITUTE(SUBSTITUTE(SUBSTITUTE(SUBSTITUTE(UPPER(IFERROR(INDEX('Base de Personas'!$H7:H21,MATCH($A9,'Base de Personas'!$B7:B21,0)),IFERROR(INDEX($G$5:G8,MATCH($A9,$A$5:A8,0)),""))),"Á","A"),"É","E"),"Í","I"),"Ó","O"),"Ú","U"),"Ü","U"))) -> SERVIDOR PUBLICO 1 | H9: =IF($A9="","",IFERROR(INDEX('Base de Personas'!$I$7:$I$21,MATCH($A9,'Base de Personas'!$B$7:$B$21,0)),IFERROR(INDEX($H$5:H8,MATCH($A9,$A$5:A8,0)),""))) -> 817 | I9: BANCO CENTRAL DEL ECUADOR | J9: 44697 | K9: 45062 | M9: =IF($A9="","",IF(K9=_xlfn.MAXIFS($K$5:$K$304,$A$5:$A$304,$A9),1,0)) -> 0 | N9: =IF($A9="","",IF(M9=1,$A9&"-ACT","")) | O9: =IF($A9="","",IF(AND(COUNTIF('Base de Personas'!$B$7:$B$21,$A9)=0,COUNTIF($A$5:A9,$A9)=1),1,0)) -> 0 | P9: =IF(O9=1,SUM($O$5:O9),"")
A10: 1722632476 | B10: =IF($A10="","",TRIM(SUBSTITUTE(SUBSTITUTE(SUBSTITUTE(SUBSTITUTE(SUBSTITUTE(SUBSTITUTE(UPPER(IFERROR(INDEX('Base de Personas'!$C7:C21,MATCH($A10,'Base de Personas'!$B7:B21,0)),IFERROR(INDEX($B$5:B9,MATCH($A10,$A$5:A9,0)),""))),"Á","A"),"É","E"),"Í","I"),"Ó","O"),"Ú","U"),"Ü","U"))) -> BARAHONA LOPEZ IVAN PATRICIO | C10: =IF($A10="","",TRIM(SUBSTITUTE(SUBSTITUTE(SUBSTITUTE(SUBSTITUTE(SUBSTITUTE(SUBSTITUTE(UPPER(IFERROR(INDEX('Base de Personas'!$D7:D21,MATCH($A10,'Base de Personas'!$B7:B21,0)),IFERROR(INDEX($C$5:C9,MATCH($A10,$A$5:A9,0)),""))),"Á","A"),"É","E"),"Í","I"),"Ó","O"),"Ú","U"),"Ü","U"))) -> QUITO | D10: =IF($A10="","",TRIM(SUBSTITUTE(SUBSTITUTE(SUBSTITUTE(SUBSTITUTE(SUBSTITUTE(SUBSTITUTE(UPPER(IFERROR(INDEX('Base de Personas'!$E7:E21,MATCH($A10,'Base de Personas'!$B7:B21,0)),IFERROR(INDEX($D$5:D9,MATCH($A10,$A$5:A9,0)),""))),"Á","A"),"É","E"),"Í","I"),"Ó","O"),"Ú","U"),"Ü","U"))) -> SECRETARIA GENERAL | E10: =IF($A10="","",TRIM(SUBSTITUTE(SUBSTITUTE(SUBSTITUTE(SUBSTITUTE(SUBSTITUTE(SUBSTITUTE(UPPER(IFERROR(INDEX('Base de Personas'!$F7:F21,MATCH($A10,'Base de Personas'!$B7:B21,0)),IFERROR(INDEX($E$5:E9,MATCH($A10,$A$5:A9,0)),""))),"Á","A"),"É","E"),"Í","I"),"Ó","O"),"Ú","U"),"Ü","U"))) -> DIRECCION NACIONAL DE GESTION DOCUMENTAL Y ARCHIVO | F10: =IF($A10="","",TRIM(SUBSTITUTE(SUBSTITUTE(SUBSTITUTE(SUBSTITUTE(SUBSTITUTE(SUBSTITUTE(UPPER(IFERROR(INDEX('Base de Personas'!$G7:G21,MATCH($A10,'Base de Personas'!$B7:B21,0)),IFERROR(INDEX($F$5:F9,MATCH($A10,$A$5:A9,0)),""))),"Á","A"),"É","E"),"Í","I"),"Ó","O"),"Ú","U"),"Ü","U"))) -> ASISTENTE TECNICO DE GESTION DOCUMENTAL | G10: =IF($A10="","",TRIM(SUBSTITUTE(SUBSTITUTE(SUBSTITUTE(SUBSTITUTE(SUBSTITUTE(SUBSTITUTE(UPPER(IFERROR(INDEX('Base de Personas'!$H7:H21,MATCH($A10,'Base de Personas'!$B7:B21,0)),IFERROR(INDEX($G$5:G9,MATCH($A10,$A$5:A9,0)),""))),"Á","A"),"É","E"),"Í","I"),"Ó","O"),"Ú","U"),"Ü","U"))) -> SERVIDOR PUBLICO 1 | H10: =IF($A10="","",IFERROR(INDEX('Base de Personas'!$I$7:$I$21,MATCH($A10,'Base de Personas'!$B$7:$B$21,0)),IFERROR(INDEX($H$5:H9,MATCH($A10,$A$5:A9,0)),""))) -> 817 | I10: BANCO CENTRAL DEL ECUADOR | J10: 45062 | K10: 45427 | M10: =IF($A10="","",IF(K10=_xlfn.MAXIFS($K$5:$K$304,$A$5:$A$304,$A10),1,0)) -> 0 | N10: =IF($A10="","",IF(M10=1,$A10&"-ACT","")) | O10: =IF($A10="","",IF(AND(COUNTIF('Base de Personas'!$B$7:$B$21,$A10)=0,COUNTIF($A$5:A10,$A10)=1),1,0)) -> 0 | P10: =IF(O10=1,SUM($O$5:O10),"")
A11: 1722632476 | B11: =IF($A11="","",TRIM(SUBSTITUTE(SUBSTITUTE(SUBSTITUTE(SUBSTITUTE(SUBSTITUTE(SUBSTITUTE(UPPER(IFERROR(INDEX('Base de Personas'!$C7:C21,MATCH($A11,'Base de Personas'!$B7:B21,0)),IFERROR(INDEX($B$5:B10,MATCH($A11,$A$5:A10,0)),""))),"Á","A"),"É","E"),"Í","I"),"Ó","O"),"Ú","U"),"Ü","U"))) -> BARAHONA LOPEZ IVAN PATRICIO | C11: =IF($A11="","",TRIM(SUBSTITUTE(SUBSTITUTE(SUBSTITUTE(SUBSTITUTE(SUBSTITUTE(SUBSTITUTE(UPPER(IFERROR(INDEX('Base de Personas'!$D7:D21,MATCH($A11,'Base de Personas'!$B7:B21,0)),IFERROR(INDEX($C$5:C10,MATCH($A11,$A$5:A10,0)),""))),"Á","A"),"É","E"),"Í","I"),"Ó","O"),"Ú","U"),"Ü","U"))) -> QUITO | D11: =IF($A11="","",TRIM(SUBSTITUTE(SUBSTITUTE(SUBSTITUTE(SUBSTITUTE(SUBSTITUTE(SUBSTITUTE(UPPER(IFERROR(INDEX('Base de Personas'!$E7:E21,MATCH($A11,'Base de Personas'!$B7:B21,0)),IFERROR(INDEX($D$5:D10,MATCH($A11,$A$5:A10,0)),""))),"Á","A"),"É","E"),"Í","I"),"Ó","O"),"Ú","U"),"Ü","U"))) -> SECRETARIA GENERAL | E11: =IF($A11="","",TRIM(SUBSTITUTE(SUBSTITUTE(SUBSTITUTE(SUBSTITUTE(SUBSTITUTE(SUBSTITUTE(UPPER(IFERROR(INDEX('Base de Personas'!$F7:F21,MATCH($A11,'Base de Personas'!$B7:B21,0)),IFERROR(INDEX($E$5:E10,MATCH($A11,$A$5:A10,0)),""))),"Á","A"),"É","E"),"Í","I"),"Ó","O"),"Ú","U"),"Ü","U"))) -> DIRECCION NACIONAL DE GESTION DOCUMENTAL Y ARCHIVO | F11: =IF($A11="","",TRIM(SUBSTITUTE(SUBSTITUTE(SUBSTITUTE(SUBSTITUTE(SUBSTITUTE(SUBSTITUTE(UPPER(IFERROR(INDEX('Base de Personas'!$G7:G21,MATCH($A11,'Base de Personas'!$B7:B21,0)),IFERROR(INDEX($F$5:F10,MATCH($A11,$A$5:A10,0)),""))),"Á","A"),"É","E"),"Í","I"),"Ó","O"),"Ú","U"),"Ü","U"))) -> ASISTENTE TECNICO DE GESTION DOCUMENTAL | G11: =IF($A11="","",TRIM(SUBSTITUTE(SUBSTITUTE(SUBSTITUTE(SUBSTITUTE(SUBSTITUTE(SUBSTITUTE(UPPER(IFERROR(INDEX('Base de Personas'!$H7:H21,MATCH($A11,'Base de Personas'!$B7:B21,0)),IFERROR(INDEX($G$5:G10,MATCH($A11,$A$5:A10,0)),""))),"Á","A"),"É","E"),"Í","I"),"Ó","O"),"Ú","U"),"Ü","U"))) -> SERVIDOR PUBLICO 1 | H11: =IF($A11="","",IFERROR(INDEX('Base de Personas'!$I$7:$I$21,MATCH($A11,'Base de Personas'!$B$7:$B$21,0)),IFERROR(INDEX($H$5:H10,MATCH($A11,$A$5:A10,0)),""))) -> 817 | I11: BANCO CENTRAL DEL ECUADOR | J11: 45428 | K11: 45792 | M11: =IF($A11="","",IF(K11=_xlfn.MAXIFS($K$5:$K$304,$A$5:$A$304,$A11),1,0)) -> 0 | N11: =IF($A11="","",IF(M11=1,$A11&"-ACT","")) | O11: =IF($A11="","",IF(AND(COUNTIF('Base de Personas'!$B$7:$B$21,$A11)=0,COUNTIF($A$5:A11,$A11)=1),1,0)) -> 0 | P11: =IF(O11=1,SUM($O$5:O11),"")
A12: 1722632476 | B12: =IF($A12="","",TRIM(SUBSTITUTE(SUBSTITUTE(SUBSTITUTE(SUBSTITUTE(SUBSTITUTE(SUBSTITUTE(UPPER(IFERROR(INDEX('Base de Personas'!$C7:C21,MATCH($A12,'Base de Personas'!$B7:B21,0)),IFERROR(INDEX($B$5:B11,MATCH($A12,$A$5:A11,0)),""))),"Á","A"),"É","E"),"Í","I"),"Ó","O"),"Ú","U"),"Ü","U"))) -> BARAHONA LOPEZ IVAN PATRICIO | C12: =IF($A12="","",TRIM(SUBSTITUTE(SUBSTITUTE(SUBSTITUTE(SUBSTITUTE(SUBSTITUTE(SUBSTITUTE(UPPER(IFERROR(INDEX('Base de Personas'!$D7:D21,MATCH($A12,'Base de Personas'!$B7:B21,0)),IFERROR(INDEX($C$5:C11,MATCH($A12,$A$5:A11,0)),""))),"Á","A"),"É","E"),"Í","I"),"Ó","O"),"Ú","U"),"Ü","U"))) -> QUITO | D12: =IF($A12="","",TRIM(SUBSTITUTE(SUBSTITUTE(SUBSTITUTE(SUBSTITUTE(SUBSTITUTE(SUBSTITUTE(UPPER(IFERROR(INDEX('Base de Personas'!$E7:E21,MATCH($A12,'Base de Personas'!$B7:B21,0)),IFERROR(INDEX($D$5:D11,MATCH($A12,$A$5:A11,0)),""))),"Á","A"),"É","E"),"Í","I"),"Ó","O"),"Ú","U"),"Ü","U"))) -> SECRETARIA GENERAL | E12: =IF($A12="","",TRIM(SUBSTITUTE(SUBSTITUTE(SUBSTITUTE(SUBSTITUTE(SUBSTITUTE(SUBSTITUTE(UPPER(IFERROR(INDEX('Base de Personas'!$F7:F21,MATCH($A12,'Base de Personas'!$B7:B21,0)),IFERROR(INDEX($E$5:E11,MATCH($A12,$A$5:A11,0)),""))),"Á","A"),"É","E"),"Í","I"),"Ó","O"),"Ú","U"),"Ü","U"))) -> DIRECCION NACIONAL DE GESTION DOCUMENTAL Y ARCHIVO | F12: =IF($A12="","",TRIM(SUBSTITUTE(SUBSTITUTE(SUBSTITUTE(SUBSTITUTE(SUBSTITUTE(SUBSTITUTE(UPPER(IFERROR(INDEX('Base de Personas'!$G7:G21,MATCH($A12,'Base de Personas'!$B7:B21,0)),IFERROR(INDEX($F$5:F11,MATCH($A12,$A$5:A11,0)),""))),"Á","A"),"É","E"),"Í","I"),"Ó","O"),"Ú","U"),"Ü","U"))) -> ASISTENTE TECNICO DE GESTION DOCUMENTAL | G12: =IF($A12="","",TRIM(SUBSTITUTE(SUBSTITUTE(SUBSTITUTE(SUBSTITUTE(SUBSTITUTE(SUBSTITUTE(UPPER(IFERROR(INDEX('Base de Personas'!$H7:H21,MATCH($A12,'Base de Personas'!$B7:B21,0)),IFERROR(INDEX($G$5:G11,MATCH($A12,$A$5:A11,0)),""))),"Á","A"),"É","E"),"Í","I"),"Ó","O"),"Ú","U"),"Ü","U"))) -> SERVIDOR PUBLICO 1 | H12: =IF($A12="","",IFERROR(INDEX('Base de Personas'!$I$7:$I$21,MATCH($A12,'Base de Personas'!$B$7:$B$21,0)),IFERROR(INDEX($H$5:H11,MATCH($A12,$A$5:A11,0)),""))) -> 817 | I12: BANCO CENTRAL DEL ECUADOR | J12: 45793 | K12: 46522 | L12: MUÑOZ MOLINA WALTER ALEXIS | M12: =IF($A12="","",IF(K12=_xlfn.MAXIFS($K$5:$K$304,$A$5:$A$304,$A12),1,0)) -> 1 | N12: =IF($A12="","",IF(M12=1,$A12&"-ACT","")) -> 1722632476-ACT | O12: =IF($A12="","",IF(AND(COUNTIF('Base de Personas'!$B$7:$B$21,$A12)=0,COUNTIF($A$5:A12,$A12)=1),1,0)) -> 0 | P12: =IF(O12=1,SUM($O$5:O12),"")
A13: 1721533576 | B13: =IF($A13="","",TRIM(SUBSTITUTE(SUBSTITUTE(SUBSTITUTE(SUBSTITUTE(SUBSTITUTE(SUBSTITUTE(UPPER(IFERROR(INDEX('Base de Personas'!$C7:C21,MATCH($A13,'Base de Personas'!$B7:B21,0)),IFERROR(INDEX($B$5:B12,MATCH($A13,$A$5:A12,0)),""))),"Á","A"),"É","E"),"Í","I"),"Ó","O"),"Ú","U"),"Ü","U"))) -> TAPIA FLORES GARDENIA CECIBEL | C13: =IF($A13="","",TRIM(SUBSTITUTE(SUBSTITUTE(SUBSTITUTE(SUBSTITUTE(SUBSTITUTE(SUBSTITUTE(UPPER(IFERROR(INDEX('Base de Personas'!$D7:D21,MATCH($A13,'Base de Personas'!$B7:B21,0)),IFERROR(INDEX($C$5:C12,MATCH($A13,$A$5:A12,0)),""))),"Á","A"),"É","E"),"Í","I"),"Ó","O"),"Ú","U"),"Ü","U"))) -> CUENCA | D13: =IF($A13="","",TRIM(SUBSTITUTE(SUBSTITUTE(SUBSTITUTE(SUBSTITUTE(SUBSTITUTE(SUBSTITUTE(UPPER(IFERROR(INDEX('Base de Personas'!$E7:E21,MATCH($A13,'Base de Personas'!$B7:B21,0)),IFERROR(INDEX($D$5:D12,MATCH($A13,$A$5:A12,0)),""))),"Á","A"),"É","E"),"Í","I"),"Ó","O"),"Ú","U"),"Ü","U"))) -> DIRECCION ZONAL 5 | E13: =IF($A13="","",TRIM(SUBSTITUTE(SUBSTITUTE(SUBSTITUTE(SUBSTITUTE(SUBSTITUTE(SUBSTITUTE(UPPER(IFERROR(INDEX('Base de Personas'!$F7:F21,MATCH($A13,'Base de Personas'!$B7:B21,0)),IFERROR(INDEX($E$5:E12,MATCH($A13,$A$5:A12,0)),""))),"Á","A"),"É","E"),"Í","I"),"Ó","O"),"Ú","U"),"Ü","U"))) -> UNIDAD DE SERVICIOS | F13: =IF($A13="","",TRIM(SUBSTITUTE(SUBSTITUTE(SUBSTITUTE(SUBSTITUTE(SUBSTITUTE(SUBSTITUTE(UPPER(IFERROR(INDEX('Base de Personas'!$G7:G21,MATCH($A13,'Base de Personas'!$B7:B21,0)),IFERROR(INDEX($F$5:F12,MATCH($A13,$A$5:A12,0)),""))),"Á","A"),"É","E"),"Í","I"),"Ó","O"),"Ú","U"),"Ü","U"))) -> ASISTENTE DE GESTION DOCUMENTAL ZONAL | G13: =IF($A13="","",TRIM(SUBSTITUTE(SUBSTITUTE(SUBSTITUTE(SUBSTITUTE(SUBSTITUTE(SUBSTITUTE(UPPER(IFERROR(INDEX('Base de Personas'!$H7:H21,MATCH($A13,'Base de Personas'!$B7:B21,0)),IFERROR(INDEX($G$5:G12,MATCH($A13,$A$5:A12,0)),""))),"Á","A"),"É","E"),"Í","I"),"Ó","O"),"Ú","U"),"Ü","U"))) -> SERVIDOR PUBLICO 1 | H13: =IF($A13="","",IFERROR(INDEX('Base de Personas'!$I$7:$I$21,MATCH($A13,'Base de Personas'!$B$7:$B$21,0)),IFERROR(INDEX($H$5:H12,MATCH($A13,$A$5:A12,0)),""))) -> 817 | I13: GOBIERNO AUTONOMO DESENTRALZIADO, MUNICIPAL DEL CANTON SEVILLA DE ORO | J13: 45075 | K13: 46535 | L13: BEDOYA PADILLA KEVIN ANDRES | M13: =IF($A13="","",IF(K13=_xlfn.MAXIFS($K$5:$K$304,$A$5:$A$304,$A13),1,0)) -> 1 | N13: =IF($A13="","",IF(M13=1,$A13&"-ACT","")) -> 1721533576-ACT | O13: =IF($A13="","",IF(AND(COUNTIF('Base de Personas'!$B$7:$B$21,$A13)=0,COUNTIF($A$5:A13,$A13)=1),1,0)) -> 0 | P13: =IF(O13=1,SUM($O$5:O13),"")
A14: 1711688190 | B14: =IF($A14="","",TRIM(SUBSTITUTE(SUBSTITUTE(SUBSTITUTE(SUBSTITUTE(SUBSTITUTE(SUBSTITUTE(UPPER(IFERROR(INDEX('Base de Personas'!$C7:C21,MATCH($A14,'Base de Personas'!$B7:B21,0)),IFERROR(INDEX($B$5:B13,MATCH($A14,$A$5:A13,0)),""))),"Á","A"),"É","E"),"Í","I"),"Ó","O"),"Ú","U"),"Ü","U"))) -> SANTAMARIA RUEDA DIEGO MAURICIO | C14: =IF($A14="","",TRIM(SUBSTITUTE(SUBSTITUTE(SUBSTITUTE(SUBSTITUTE(SUBSTITUTE(SUBSTITUTE(UPPER(IFERROR(INDEX('Base de Personas'!$D7:D21,MATCH($A14,'Base de Personas'!$B7:B21,0)),IFERROR(INDEX($C$5:C13,MATCH($A14,$A$5:A13,0)),""))),"Á","A"),"É","E"),"Í","I"),"Ó","O"),"Ú","U"),"Ü","U"))) -> QUITO | D14: =IF($A14="","",TRIM(SUBSTITUTE(SUBSTITUTE(SUBSTITUTE(SUBSTITUTE(SUBSTITUTE(SUBSTITUTE(UPPER(IFERROR(INDEX('Base de Personas'!$E7:E21,MATCH($A14,'Base de Personas'!$B7:B21,0)),IFERROR(INDEX($D$5:D13,MATCH($A14,$A$5:A13,0)),""))),"Á","A"),"É","E"),"Í","I"),"Ó","O"),"Ú","U"),"Ü","U"))) -> INTENDENCIA NACIONAL ADMINISTRATIVA FINANCIERA | E14: =IF($A14="","",TRIM(SUBSTITUTE(SUBSTITUTE(SUBSTITUTE(SUBSTITUTE(SUBSTITUTE(SUBSTITUTE(UPPER(IFERROR(INDEX('Base de Personas'!$F7:F21,MATCH($A14,'Base de Personas'!$B7:B21,0)),IFERROR(INDEX($E$5:E13,MATCH($A14,$A$5:A13,0)),""))),"Á","A"),"É","E"),"Í","I"),"Ó","O"),"Ú","U"),"Ü","U"))) -> DIRECCION NACIONAL FINANCIERA | F14: =IF($A14="","",TRIM(SUBSTITUTE(SUBSTITUTE(SUBSTITUTE(SUBSTITUTE(SUBSTITUTE(SUBSTITUTE(UPPER(IFERROR(INDEX('Base de Personas'!$G7:G21,MATCH($A14,'Base de Personas'!$B7:B21,0)),IFERROR(INDEX($F$5:F13,MATCH($A14,$A$5:A13,0)),""))),"Á","A"),"É","E"),"Í","I"),"Ó","O"),"Ú","U"),"Ü","U"))) -> ANALISTA DE TESORERIA 1 | G14: =IF($A14="","",TRIM(SUBSTITUTE(SUBSTITUTE(SUBSTITUTE(SUBSTITUTE(SUBSTITUTE(SUBSTITUTE(UPPER(IFERROR(INDEX('Base de Personas'!$H7:H21,MATCH($A14,'Base de Personas'!$B7:B21,0)),IFERROR(INDEX($G$5:G13,MATCH($A14,$A$5:A13,0)),""))),"Á","A"),"É","E"),"Í","I"),"Ó","O"),"Ú","U"),"Ü","U"))) -> SERVIDOR PUBLICO 5 | H14: =IF($A14="","",IFERROR(INDEX('Base de Personas'!$I$7:$I$21,MATCH($A14,'Base de Personas'!$B$7:$B$21,0)),IFERROR(INDEX($H$5:H13,MATCH($A14,$A$5:A13,0)),""))) -> 1212 | I14: GOBIERNO AUTONOMO DESCENTRALIZADO DEL DISTRITO METROPOLITANO DE QUITO | J14: 45096 | K14: 45826 | M14: =IF($A14="","",IF(K14=_xlfn.MAXIFS($K$5:$K$304,$A$5:$A$304,$A14),1,0)) -> 0 | N14: =IF($A14="","",IF(M14=1,$A14&"-ACT","")) | O14: =IF($A14="","",IF(AND(COUNTIF('Base de Personas'!$B$7:$B$21,$A14)=0,COUNTIF($A$5:A14,$A14)=1),1,0)) -> 0 | P14: =IF(O14=1,SUM($O$5:O14),"")
A15: 1711688190 | B15: =IF($A15="","",TRIM(SUBSTITUTE(SUBSTITUTE(SUBSTITUTE(SUBSTITUTE(SUBSTITUTE(SUBSTITUTE(UPPER(IFERROR(INDEX('Base de Personas'!$C7:C21,MATCH($A15,'Base de Personas'!$B7:B21,0)),IFERROR(INDEX($B$5:B14,MATCH($A15,$A$5:A14,0)),""))),"Á","A"),"É","E"),"Í","I"),"Ó","O"),"Ú","U"),"Ü","U"))) -> SANTAMARIA RUEDA DIEGO MAURICIO | C15: =IF($A15="","",TRIM(SUBSTITUTE(SUBSTITUTE(SUBSTITUTE(SUBSTITUTE(SUBSTITUTE(SUBSTITUTE(UPPER(IFERROR(INDEX('Base de Personas'!$D7:D21,MATCH($A15,'Base de Personas'!$B7:B21,0)),IFERROR(INDEX($C$5:C14,MATCH($A15,$A$5:A14,0)),""))),"Á","A"),"É","E"),"Í","I"),"Ó","O"),"Ú","U"),"Ü","U"))) -> QUITO | D15: =IF($A15="","",TRIM(SUBSTITUTE(SUBSTITUTE(SUBSTITUTE(SUBSTITUTE(SUBSTITUTE(SUBSTITUTE(UPPER(IFERROR(INDEX('Base de Personas'!$E7:E21,MATCH($A15,'Base de Personas'!$B7:B21,0)),IFERROR(INDEX($D$5:D14,MATCH($A15,$A$5:A14,0)),""))),"Á","A"),"É","E"),"Í","I"),"Ó","O"),"Ú","U"),"Ü","U"))) -> INTENDENCIA NACIONAL ADMINISTRATIVA FINANCIERA | E15: =IF($A15="","",TRIM(SUBSTITUTE(SUBSTITUTE(SUBSTITUTE(SUBSTITUTE(SUBSTITUTE(SUBSTITUTE(UPPER(IFERROR(INDEX('Base de Personas'!$F7:F21,MATCH($A15,'Base de Personas'!$B7:B21,0)),IFERROR(INDEX($E$5:E14,MATCH($A15,$A$5:A14,0)),""))),"Á","A"),"É","E"),"Í","I"),"Ó","O"),"Ú","U"),"Ü","U"))) -> DIRECCION NACIONAL FINANCIERA | F15: =IF($A15="","",TRIM(SUBSTITUTE(SUBSTITUTE(SUBSTITUTE(SUBSTITUTE(SUBSTITUTE(SUBSTITUTE(UPPER(IFERROR(INDEX('Base de Personas'!$G7:G21,MATCH($A15,'Base de Personas'!$B7:B21,0)),IFERROR(INDEX($F$5:F14,MATCH($A15,$A$5:A14,0)),""))),"Á","A"),"É","E"),"Í","I"),"Ó","O"),"Ú","U"),"Ü","U"))) -> ANALISTA DE TESORERIA 1 | G15: =IF($A15="","",TRIM(SUBSTITUTE(SUBSTITUTE(SUBSTITUTE(SUBSTITUTE(SUBSTITUTE(SUBSTITUTE(UPPER(IFERROR(INDEX('Base de Personas'!$H7:H21,MATCH($A15,'Base de Personas'!$B7:B21,0)),IFERROR(INDEX($G$5:G14,MATCH($A15,$A$5:A14,0)),""))),"Á","A"),"É","E"),"Í","I"),"Ó","O"),"Ú","U"),"Ü","U"))) -> SERVIDOR PUBLICO 5 | H15: =IF($A15="","",IFERROR(INDEX('Base de Personas'!$I$7:$I$21,MATCH($A15,'Base de Personas'!$B$7:$B$21,0)),IFERROR(INDEX($H$5:H14,MATCH($A15,$A$5:A14,0)),""))) -> 1212 | I15: GOBIERNO AUTONOMO DESCENTRALIZADO DEL DISTRITO METROPOLITANO DE QUITO | J15: 45827 | K15: 46203 | L15: MUÑOZ GARCIA DIANA PAMELA | M15: =IF($A15="","",IF(K15=_xlfn.MAXIFS($K$5:$K$304,$A$5:$A$304,$A15),1,0)) -> 1 | N15: =IF($A15="","",IF(M15=1,$A15&"-ACT","")) -> 1711688190-ACT | O15: =IF($A15="","",IF(AND(COUNTIF('Base de Personas'!$B$7:$B$21,$A15)=0,COUNTIF($A$5:A15,$A15)=1),1,0)) -> 0 | P15: =IF(O15=1,SUM($O$5:O15),"")
A16: 0917368417 | B16: =IF($A16="","",TRIM(SUBSTITUTE(SUBSTITUTE(SUBSTITUTE(SUBSTITUTE(SUBSTITUTE(SUBSTITUTE(UPPER(IFERROR(INDEX('Base de Personas'!$C7:C21,MATCH($A16,'Base de Personas'!$B7:B21,0)),IFERROR(INDEX($B$5:B15,MATCH($A16,$A$5:A15,0)),""))),"Á","A"),"É","E"),"Í","I"),"Ó","O"),"Ú","U"),"Ü","U"))) -> GUERRERO FLORES LENCY WALKIRIA | C16: =IF($A16="","",TRIM(SUBSTITUTE(SUBSTITUTE(SUBSTITUTE(SUBSTITUTE(SUBSTITUTE(SUBSTITUTE(UPPER(IFERROR(INDEX('Base de Personas'!$D7:D21,MATCH($A16,'Base de Personas'!$B7:B21,0)),IFERROR(INDEX($C$5:C15,MATCH($A16,$A$5:A15,0)),""))),"Á","A"),"É","E"),"Í","I"),"Ó","O"),"Ú","U"),"Ü","U"))) -> GUAYAQUIL | D16: =IF($A16="","",TRIM(SUBSTITUTE(SUBSTITUTE(SUBSTITUTE(SUBSTITUTE(SUBSTITUTE(SUBSTITUTE(UPPER(IFERROR(INDEX('Base de Personas'!$E7:E21,MATCH($A16,'Base de Personas'!$B7:B21,0)),IFERROR(INDEX($D$5:D15,MATCH($A16,$A$5:A15,0)),""))),"Á","A"),"É","E"),"Í","I"),"Ó","O"),"Ú","U"),"Ü","U"))) -> DIRECCION ZONAL 5 | E16: =IF($A16="","",TRIM(SUBSTITUTE(SUBSTITUTE(SUBSTITUTE(SUBSTITUTE(SUBSTITUTE(SUBSTITUTE(UPPER(IFERROR(INDEX('Base de Personas'!$F7:F21,MATCH($A16,'Base de Personas'!$B7:B21,0)),IFERROR(INDEX($E$5:E15,MATCH($A16,$A$5:A15,0)),""))),"Á","A"),"É","E"),"Í","I"),"Ó","O"),"Ú","U"),"Ü","U"))) -> UNIDAD DE SERVICIOS | F16: =IF($A16="","",TRIM(SUBSTITUTE(SUBSTITUTE(SUBSTITUTE(SUBSTITUTE(SUBSTITUTE(SUBSTITUTE(UPPER(IFERROR(INDEX('Base de Personas'!$G7:G21,MATCH($A16,'Base de Personas'!$B7:B21,0)),IFERROR(INDEX($F$5:F15,MATCH($A16,$A$5:A15,0)),""))),"Á","A"),"É","E"),"Í","I"),"Ó","O"),"Ú","U"),"Ü","U"))) -> ANALISTA DE SERVICIO AL CIUDADANO ZONAL | G16: =IF($A16="","",TRIM(SUBSTITUTE(SUBSTITUTE(SUBSTITUTE(SUBSTITUTE(SUBSTITUTE(SUBSTITUTE(UPPER(IFERROR(INDEX('Base de Personas'!$H7:H21,MATCH($A16,'Base de Personas'!$B7:B21,0)),IFERROR(INDEX($G$5:G15,MATCH($A16,$A$5:A15,0)),""))),"Á","A"),"É","E"),"Í","I"),"Ó","O"),"Ú","U"),"Ü","U"))) -> SERVIDOR PUBLICO 7 | H16: =IF($A16="","",IFERROR(INDEX('Base de Personas'!$I$7:$I$21,MATCH($A16,'Base de Personas'!$B$7:$B$21,0)),IFERROR(INDEX($H$5:H15,MATCH($A16,$A$5:A15,0)),""))) -> 1676 | I16: CONTRALORIA GENERAL DEL ESTADO | J16: 45323 | K16: 46053 | M16: =IF($A16="","",IF(K16=_xlfn.MAXIFS($K$5:$K$304,$A$5:$A$304,$A16),1,0)) -> 0 | N16: =IF($A16="","",IF(M16=1,$A16&"-ACT","")) | O16: =IF($A16="","",IF(AND(COUNTIF('Base de Personas'!$B$7:$B$21,$A16)=0,COUNTIF($A$5:A16,$A16)=1),1,0)) -> 0 | P16: =IF(O16=1,SUM($O$5:O16),"")
A17: 0917368417 | B17: =IF($A17="","",TRIM(SUBSTITUTE(SUBSTITUTE(SUBSTITUTE(SUBSTITUTE(SUBSTITUTE(SUBSTITUTE(UPPER(IFERROR(INDEX('Base de Personas'!$C7:C21,MATCH($A17,'Base de Personas'!$B7:B21,0)),IFERROR(INDEX($B$5:B16,MATCH($A17,$A$5:A16,0)),""))),"Á","A"),"É","E"),"Í","I"),"Ó","O"),"Ú","U"),"Ü","U"))) -> GUERRERO FLORES LENCY WALKIRIA | C17: =IF($A17="","",TRIM(SUBSTITUTE(SUBSTITUTE(SUBSTITUTE(SUBSTITUTE(SUBSTITUTE(SUBSTITUTE(UPPER(IFERROR(INDEX('Base de Personas'!$D7:D21,MATCH($A17,'Base de Personas'!$B7:B21,0)),IFERROR(INDEX($C$5:C16,MATCH($A17,$A$5:A16,0)),""))),"Á","A"),"É","E"),"Í","I"),"Ó","O"),"Ú","U"),"Ü","U"))) -> GUAYAQUIL | D17: =IF($A17="","",TRIM(SUBSTITUTE(SUBSTITUTE(SUBSTITUTE(SUBSTITUTE(SUBSTITUTE(SUBSTITUTE(UPPER(IFERROR(INDEX('Base de Personas'!$E7:E21,MATCH($A17,'Base de Personas'!$B7:B21,0)),IFERROR(INDEX($D$5:D16,MATCH($A17,$A$5:A16,0)),""))),"Á","A"),"É","E"),"Í","I"),"Ó","O"),"Ú","U"),"Ü","U"))) -> DIRECCION ZONAL 5 | E17: =IF($A17="","",TRIM(SUBSTITUTE(SUBSTITUTE(SUBSTITUTE(SUBSTITUTE(SUBSTITUTE(SUBSTITUTE(UPPER(IFERROR(INDEX('Base de Personas'!$F7:F21,MATCH($A17,'Base de Personas'!$B7:B21,0)),IFERROR(INDEX($E$5:E16,MATCH($A17,$A$5:A16,0)),""))),"Á","A"),"É","E"),"Í","I"),"Ó","O"),"Ú","U"),"Ü","U"))) -> UNIDAD DE SERVICIOS | F17: =IF($A17="","",TRIM(SUBSTITUTE(SUBSTITUTE(SUBSTITUTE(SUBSTITUTE(SUBSTITUTE(SUBSTITUTE(UPPER(IFERROR(INDEX('Base de Personas'!$G7:G21,MATCH($A17,'Base de Personas'!$B7:B21,0)),IFERROR(INDEX($F$5:F16,MATCH($A17,$A$5:A16,0)),""))),"Á","A"),"É","E"),"Í","I"),"Ó","O"),"Ú","U"),"Ü","U"))) -> ANALISTA DE SERVICIO AL CIUDADANO ZONAL | G17: =IF($A17="","",TRIM(SUBSTITUTE(SUBSTITUTE(SUBSTITUTE(SUBSTITUTE(SUBSTITUTE(SUBSTITUTE(UPPER(IFERROR(INDEX('Base de Personas'!$H7:H21,MATCH($A17,'Base de Personas'!$B7:B21,0)),IFERROR(INDEX($G$5:G16,MATCH($A17,$A$5:A16,0)),""))),"Á","A"),"É","E"),"Í","I"),"Ó","O"),"Ú","U"),"Ü","U"))) -> SERVIDOR PUBLICO 7 | H17: =IF($A17="","",IFERROR(INDEX('Base de Personas'!$I$7:$I$21,MATCH($A17,'Base de Personas'!$B$7:$B$21,0)),IFERROR(INDEX($H$5:H16,MATCH($A17,$A$5:A16,0)),""))) -> 1676 | I17: CONTRALORIA GENERAL DEL ESTADO | J17: 46054 | K17: 46418 | L17: ALBUJA QUINTANA RODRIGO ALEJANDRO | M17: =IF($A17="","",IF(K17=_xlfn.MAXIFS($K$5:$K$304,$A$5:$A$304,$A17),1,0)) -> 1 | N17: =IF($A17="","",IF(M17=1,$A17&"-ACT","")) -> 0917368417-ACT | O17: =IF($A17="","",IF(AND(COUNTIF('Base de Personas'!$B$7:$B$21,$A17)=0,COUNTIF($A$5:A17,$A17)=1),1,0)) -> 0 | P17: =IF(O17=1,SUM($O$5:O17),"")
A18: 1716262728 | B18: =IF($A18="","",TRIM(SUBSTITUTE(SUBSTITUTE(SUBSTITUTE(SUBSTITUTE(SUBSTITUTE(SUBSTITUTE(UPPER(IFERROR(INDEX('Base de Personas'!$C7:C21,MATCH($A18,'Base de Personas'!$B7:B21,0)),IFERROR(INDEX($B$5:B17,MATCH($A18,$A$5:A17,0)),""))),"Á","A"),"É","E"),"Í","I"),"Ó","O"),"Ú","U"),"Ü","U"))) -> ZAMORA CORDOVA FELIX WLADIMIR | C18: =IF($A18="","",TRIM(SUBSTITUTE(SUBSTITUTE(SUBSTITUTE(SUBSTITUTE(SUBSTITUTE(SUBSTITUTE(UPPER(IFERROR(INDEX('Base de Personas'!$D7:D21,MATCH($A18,'Base de Personas'!$B7:B21,0)),IFERROR(INDEX($C$5:C17,MATCH($A18,$A$5:A17,0)),""))),"Á","A"),"É","E"),"Í","I"),"Ó","O"),"Ú","U"),"Ü","U"))) -> QUITO | D18: =IF($A18="","",TRIM(SUBSTITUTE(SUBSTITUTE(SUBSTITUTE(SUBSTITUTE(SUBSTITUTE(SUBSTITUTE(UPPER(IFERROR(INDEX('Base de Personas'!$E7:E21,MATCH($A18,'Base de Personas'!$B7:B21,0)),IFERROR(INDEX($D$5:D17,MATCH($A18,$A$5:A17,0)),""))),"Á","A"),"É","E"),"Í","I"),"Ó","O"),"Ú","U"),"Ü","U"))) -> INTENDENCIA NACIONAL DE SUPERVISION A ENTIDADES DEL SECTOR FINANCIERO POPULAR Y SOLIDARIO | E18: =IF($A18="","",TRIM(SUBSTITUTE(SUBSTITUTE(SUBSTITUTE(SUBSTITUTE(SUBSTITUTE(SUBSTITUTE(UPPER(IFERROR(INDEX('Base de Personas'!$F7:F21,MATCH($A18,'Base de Personas'!$B7:B21,0)),IFERROR(INDEX($E$5:E17,MATCH($A18,$A$5:A17,0)),""))),"Á","A"),"É","E"),"Í","I"),"Ó","O"),"Ú","U"),"Ü","U"))) -> DIRECCION NACIONAL LEGAL DEL SECTOR FINANCIERO | F18: =IF($A18="","",TRIM(SUBSTITUTE(SUBSTITUTE(SUBSTITUTE(SUBSTITUTE(SUBSTITUTE(SUBSTITUTE(UPPER(IFERROR(INDEX('Base de Personas'!$G7:G21,MATCH($A18,'Base de Personas'!$B7:B21,0)),IFERROR(INDEX($F$5:F17,MATCH($A18,$A$5:A17,0)),""))),"Á","A"),"É","E"),"Í","I"),"Ó","O"),"Ú","U"),"Ü","U"))) -> ANALISTA LEGAL DEL SECTOR FINANCIERO 2 | G18: =IF($A18="","",TRIM(SUBSTITUTE(SUBSTITUTE(SUBSTITUTE(SUBSTITUTE(SUBSTITUTE(SUBSTITUTE(UPPER(IFERROR(INDEX('Base de Personas'!$H7:H21,MATCH($A18,'Base de Personas'!$B7:B21,0)),IFERROR(INDEX($G$5:G17,MATCH($A18,$A$5:A17,0)),""))),"Á","A"),"É","E"),"Í","I"),"Ó","O"),"Ú","U"),"Ü","U"))) -> SERVIDOR PUBLICO 7 | H18: =IF($A18="","",IFERROR(INDEX('Base de Personas'!$I$7:$I$21,MATCH($A18,'Base de Personas'!$B$7:$B$21,0)),IFERROR(INDEX($H$5:H17,MATCH($A18,$A$5:A17,0)),""))) -> 1676 | I18: SECRETARIA TECNICA DEL COMITE DE COORDINACION DE LA FUNCION DE TRANSPARENCIA Y CONTROL SOCIAL | J18: 45573 | K18: 46302 | L18: CAÑIZARES LARCO VICTORIA ELIZABETH | M18: =IF($A18="","",IF(K18=_xlfn.MAXIFS($K$5:$K$304,$A$5:$A$304,$A18),1,0)) -> 1 | N18: =IF($A18="","",IF(M18=1,$A18&"-ACT","")) -> 1716262728-ACT | O18: =IF($A18="","",IF(AND(COUNTIF('Base de Personas'!$B$7:$B$21,$A18)=0,COUNTIF($A$5:A18,$A18)=1),1,0)) -> 0 | P18: =IF(O18=1,SUM($O$5:O18),"")
A19: 1712422839 | B19: =IF($A19="","",TRIM(SUBSTITUTE(SUBSTITUTE(SUBSTITUTE(SUBSTITUTE(SUBSTITUTE(SUBSTITUTE(UPPER(IFERROR(INDEX('Base de Personas'!$C7:C21,MATCH($A19,'Base de Personas'!$B7:B21,0)),IFERROR(INDEX($B$5:B18,MATCH($A19,$A$5:A18,0)),""))),"Á","A"),"É","E"),"Í","I"),"Ó","O"),"Ú","U"),"Ü","U"))) -> LOYOLA TRONCOSO JAIME EDUARDO | C19: =IF($A19="","",TRIM(SUBSTITUTE(SUBSTITUTE(SUBSTITUTE(SUBSTITUTE(SUBSTITUTE(SUBSTITUTE(UPPER(IFERROR(INDEX('Base de Personas'!$D7:D21,MATCH($A19,'Base de Personas'!$B7:B21,0)),IFERROR(INDEX($C$5:C18,MATCH($A19,$A$5:A18,0)),""))),"Á","A"),"É","E"),"Í","I"),"Ó","O"),"Ú","U"),"Ü","U"))) -> QUITO | D19: =IF($A19="","",TRIM(SUBSTITUTE(SUBSTITUTE(SUBSTITUTE(SUBSTITUTE(SUBSTITUTE(SUBSTITUTE(UPPER(IFERROR(INDEX('Base de Personas'!$E7:E21,MATCH($A19,'Base de Personas'!$B7:B21,0)),IFERROR(INDEX($D$5:D18,MATCH($A19,$A$5:A18,0)),""))),"Á","A"),"É","E"),"Í","I"),"Ó","O"),"Ú","U"),"Ü","U"))) -> INTENDENCIA NACIONAL DE TECNOLOGIAS DE LA INFORMACION Y COMUNICACIONES | E19: =IF($A19="","",TRIM(SUBSTITUTE(SUBSTITUTE(SUBSTITUTE(SUBSTITUTE(SUBSTITUTE(SUBSTITUTE(UPPER(IFERROR(INDEX('Base de Personas'!$F7:F21,MATCH($A19,'Base de Personas'!$B7:B21,0)),IFERROR(INDEX($E$5:E18,MATCH($A19,$A$5:A18,0)),""))),"Á","A"),"É","E"),"Í","I"),"Ó","O"),"Ú","U"),"Ü","U"))) -> DIRECCION NACIONAL DE INFRAESTRUCTURA TECNOLOGICA Y OPERACIONES | F19: =IF($A19="","",TRIM(SUBSTITUTE(SUBSTITUTE(SUBSTITUTE(SUBSTITUTE(SUBSTITUTE(SUBSTITUTE(UPPER(IFERROR(INDEX('Base de Personas'!$G7:G21,MATCH($A19,'Base de Personas'!$B7:B21,0)),IFERROR(INDEX($F$5:F18,MATCH($A19,$A$5:A18,0)),""))),"Á","A"),"É","E"),"Í","I"),"Ó","O"),"Ú","U"),"Ü","U"))) -> ANALISTA EN ASEGURAMIENTO Y CONTROL DE LA CALIDAD DE TECNOLOGIAS DE INFORMACION 2 | G19: =IF($A19="","",TRIM(SUBSTITUTE(SUBSTITUTE(SUBSTITUTE(SUBSTITUTE(SUBSTITUTE(SUBSTITUTE(UPPER(IFERROR(INDEX('Base de Personas'!$H7:H21,MATCH($A19,'Base de Personas'!$B7:B21,0)),IFERROR(INDEX($G$5:G18,MATCH($A19,$A$5:A18,0)),""))),"Á","A"),"É","E"),"Í","I"),"Ó","O"),"Ú","U"),"Ü","U"))) -> SERVIDOR PUBLICO 7 | H19: =IF($A19="","",IFERROR(INDEX('Base de Personas'!$I$7:$I$21,MATCH($A19,'Base de Personas'!$B$7:$B$21,0)),IFERROR(INDEX($H$5:H18,MATCH($A19,$A$5:A18,0)),""))) -> 1676 | I19: ADMINISTRACION GENERAL DEL GAD DEL DISTRITO METROPOLITANO DE QUITO | J19: 45658 | K19: 46022 | M19: =IF($A19="","",IF(K19=_xlfn.MAXIFS($K$5:$K$304,$A$5:$A$304,$A19),1,0)) -> 0 | N19: =IF($A19="","",IF(M19=1,$A19&"-ACT","")) | O19: =IF($A19="","",IF(AND(COUNTIF('Base de Personas'!$B$7:$B$21,$A19)=0,COUNTIF($A$5:A19,$A19)=1),1,0)) -> 0 | P19: =IF(O19=1,SUM($O$5:O19),"")
A20: 1712422839 | B20: =IF($A20="","",TRIM(SUBSTITUTE(SUBSTITUTE(SUBSTITUTE(SUBSTITUTE(SUBSTITUTE(SUBSTITUTE(UPPER(IFERROR(INDEX('Base de Personas'!$C7:C21,MATCH($A20,'Base de Personas'!$B7:B21,0)),IFERROR(INDEX($B$5:B19,MATCH($A20,$A$5:A19,0)),""))),"Á","A"),"É","E"),"Í","I"),"Ó","O"),"Ú","U"),"Ü","U"))) -> LOYOLA TRONCOSO JAIME EDUARDO | C20: =IF($A20="","",TRIM(SUBSTITUTE(SUBSTITUTE(SUBSTITUTE(SUBSTITUTE(SUBSTITUTE(SUBSTITUTE(UPPER(IFERROR(INDEX('Base de Personas'!$D7:D21,MATCH($A20,'Base de Personas'!$B7:B21,0)),IFERROR(INDEX($C$5:C19,MATCH($A20,$A$5:A19,0)),""))),"Á","A"),"É","E"),"Í","I"),"Ó","O"),"Ú","U"),"Ü","U"))) -> QUITO | D20: =IF($A20="","",TRIM(SUBSTITUTE(SUBSTITUTE(SUBSTITUTE(SUBSTITUTE(SUBSTITUTE(SUBSTITUTE(UPPER(IFERROR(INDEX('Base de Personas'!$E7:E21,MATCH($A20,'Base de Personas'!$B7:B21,0)),IFERROR(INDEX($D$5:D19,MATCH($A20,$A$5:A19,0)),""))),"Á","A"),"É","E"),"Í","I"),"Ó","O"),"Ú","U"),"Ü","U"))) -> INTENDENCIA NACIONAL DE TECNOLOGIAS DE LA INFORMACION Y COMUNICACIONES | E20: =IF($A20="","",TRIM(SUBSTITUTE(SUBSTITUTE(SUBSTITUTE(SUBSTITUTE(SUBSTITUTE(SUBSTITUTE(UPPER(IFERROR(INDEX('Base de Personas'!$F7:F21,MATCH($A20,'Base de Personas'!$B7:B21,0)),IFERROR(INDEX($E$5:E19,MATCH($A20,$A$5:A19,0)),""))),"Á","A"),"É","E"),"Í","I"),"Ó","O"),"Ú","U"),"Ü","U"))) -> DIRECCION NACIONAL DE INFRAESTRUCTURA TECNOLOGICA Y OPERACIONES | F20: =IF($A20="","",TRIM(SUBSTITUTE(SUBSTITUTE(SUBSTITUTE(SUBSTITUTE(SUBSTITUTE(SUBSTITUTE(UPPER(IFERROR(INDEX('Base de Personas'!$G7:G21,MATCH($A20,'Base de Personas'!$B7:B21,0)),IFERROR(INDEX($F$5:F19,MATCH($A20,$A$5:A19,0)),""))),"Á","A"),"É","E"),"Í","I"),"Ó","O"),"Ú","U"),"Ü","U"))) -> ANALISTA EN ASEGURAMIENTO Y CONTROL DE LA CALIDAD DE TECNOLOGIAS DE INFORMACION 2 | G20: =IF($A20="","",TRIM(SUBSTITUTE(SUBSTITUTE(SUBSTITUTE(SUBSTITUTE(SUBSTITUTE(SUBSTITUTE(UPPER(IFERROR(INDEX('Base de Personas'!$H7:H21,MATCH($A20,'Base de Personas'!$B7:B21,0)),IFERROR(INDEX($G$5:G19,MATCH($A20,$A$5:A19,0)),""))),"Á","A"),"É","E"),"Í","I"),"Ó","O"),"Ú","U"),"Ü","U"))) -> SERVIDOR PUBLICO 7 | H20: =IF($A20="","",IFERROR(INDEX('Base de Personas'!$I$7:$I$21,MATCH($A20,'Base de Personas'!$B$7:$B$21,0)),IFERROR(INDEX($H$5:H19,MATCH($A20,$A$5:A19,0)),""))) -> 1676 | I20: ADMINISTRACION GENERAL DEL GAD DEL DISTRITO METROPOLITANO DE QUITO | J20: 46023 | K20: 46053 | L20: CAIZA PILLAJO SAIRA LORENA | M20: =IF($A20="","",IF(K20=_xlfn.MAXIFS($K$5:$K$304,$A$5:$A$304,$A20),1,0)) -> 1 | N20: =IF($A20="","",IF(M20=1,$A20&"-ACT","")) -> 1712422839-ACT | O20: =IF($A20="","",IF(AND(COUNTIF('Base de Personas'!$B$7:$B$21,$A20)=0,COUNTIF($A$5:A20,$A20)=1),1,0)) -> 0 | P20: =IF(O20=1,SUM($O$5:O20),"")
A21: 1719201822 | B21: =IF($A21="","",TRIM(SUBSTITUTE(SUBSTITUTE(SUBSTITUTE(SUBSTITUTE(SUBSTITUTE(SUBSTITUTE(UPPER(IFERROR(INDEX('Base de Personas'!$C7:C21,MATCH($A21,'Base de Personas'!$B7:B21,0)),IFERROR(INDEX($B$5:B20,MATCH($A21,$A$5:A20,0)),""))),"Á","A"),"É","E"),"Í","I"),"Ó","O"),"Ú","U"),"Ü","U"))) -> RACINES NUÑEZ MARIA DANIELA | C21: =IF($A21="","",TRIM(SUBSTITUTE(SUBSTITUTE(SUBSTITUTE(SUBSTITUTE(SUBSTITUTE(SUBSTITUTE(UPPER(IFERROR(INDEX('Base de Personas'!$D7:D21,MATCH($A21,'Base de Personas'!$B7:B21,0)),IFERROR(INDEX($C$5:C20,MATCH($A21,$A$5:A20,0)),""))),"Á","A"),"É","E"),"Í","I"),"Ó","O"),"Ú","U"),"Ü","U"))) -> QUITO | D21: =IF($A21="","",TRIM(SUBSTITUTE(SUBSTITUTE(SUBSTITUTE(SUBSTITUTE(SUBSTITUTE(SUBSTITUTE(UPPER(IFERROR(INDEX('Base de Personas'!$E7:E21,MATCH($A21,'Base de Personas'!$B7:B21,0)),IFERROR(INDEX($D$5:D20,MATCH($A21,$A$5:A20,0)),""))),"Á","A"),"É","E"),"Í","I"),"Ó","O"),"Ú","U"),"Ü","U"))) -> INTENDENCIA NACIONAL DE SUPERVISION A ENTIDADES DEL SECTOR FINANCIERO POPULAR Y SOLIDARIO | E21: =IF($A21="","",TRIM(SUBSTITUTE(SUBSTITUTE(SUBSTITUTE(SUBSTITUTE(SUBSTITUTE(SUBSTITUTE(UPPER(IFERROR(INDEX('Base de Personas'!$F7:F21,MATCH($A21,'Base de Personas'!$B7:B21,0)),IFERROR(INDEX($E$5:E20,MATCH($A21,$A$5:A20,0)),""))),"Á","A"),"É","E"),"Í","I"),"Ó","O"),"Ú","U"),"Ü","U"))) -> DIRECCION NACIONAL DE SUPERVISION A ENTIDADES DEL SECTOR FINANCIERO TIPO I | F21: =IF($A21="","",TRIM(SUBSTITUTE(SUBSTITUTE(SUBSTITUTE(SUBSTITUTE(SUBSTITUTE(SUBSTITUTE(UPPER(IFERROR(INDEX('Base de Personas'!$G7:G21,MATCH($A21,'Base de Personas'!$B7:B21,0)),IFERROR(INDEX($F$5:F20,MATCH($A21,$A$5:A20,0)),""))),"Á","A"),"É","E"),"Í","I"),"Ó","O"),"Ú","U"),"Ü","U"))) -> ANALISTA DE AUDITORIA DEL SECTOR FINANCIERO | G21: =IF($A21="","",TRIM(SUBSTITUTE(SUBSTITUTE(SUBSTITUTE(SUBSTITUTE(SUBSTITUTE(SUBSTITUTE(UPPER(IFERROR(INDEX('Base de Personas'!$H7:H21,MATCH($A21,'Base de Personas'!$B7:B21,0)),IFERROR(INDEX($G$5:G20,MATCH($A21,$A$5:A20,0)),""))),"Á","A"),"É","E"),"Í","I"),"Ó","O"),"Ú","U"),"Ü","U"))) -> SERVIDOR PUBLICO 5 | H21: =IF($A21="","",IFERROR(INDEX('Base de Personas'!$I$7:$I$21,MATCH($A21,'Base de Personas'!$B$7:$B$21,0)),IFERROR(INDEX($H$5:H20,MATCH($A21,$A$5:A20,0)),""))) -> 1212 | I21: SUPERINTENDENCIA DE BANCOS | J21: 45992 | K21: 46356 | L21: CHAUCA ORTEGA MARIA FERNANDA | M21: =IF($A21="","",IF(K21=_xlfn.MAXIFS($K$5:$K$304,$A$5:$A$304,$A21),1,0)) -> 1 | N21: =IF($A21="","",IF(M21=1,$A21&"-ACT","")) -> 1719201822-ACT | O21: =IF($A21="","",IF(AND(COUNTIF('Base de Personas'!$B$7:$B$21,$A21)=0,COUNTIF($A$5:A21,$A21)=1),1,0)) -> 0 | P21: =IF(O21=1,SUM($O$5:O21),"")
A22: 1717835407 | B22: =IF($A22="","",TRIM(SUBSTITUTE(SUBSTITUTE(SUBSTITUTE(SUBSTITUTE(SUBSTITUTE(SUBSTITUTE(UPPER(IFERROR(INDEX('Base de Personas'!$C7:C21,MATCH($A22,'Base de Personas'!$B7:B21,0)),IFERROR(INDEX($B$5:B21,MATCH($A22,$A$5:A21,0)),""))),"Á","A"),"É","E"),"Í","I"),"Ó","O"),"Ú","U"),"Ü","U"))) -> PALLARES CASTRO DARIO XAVIER | C22: =IF($A22="","",TRIM(SUBSTITUTE(SUBSTITUTE(SUBSTITUTE(SUBSTITUTE(SUBSTITUTE(SUBSTITUTE(UPPER(IFERROR(INDEX('Base de Personas'!$D7:D21,MATCH($A22,'Base de Personas'!$B7:B21,0)),IFERROR(INDEX($C$5:C21,MATCH($A22,$A$5:A21,0)),""))),"Á","A"),"É","E"),"Í","I"),"Ó","O"),"Ú","U"),"Ü","U"))) -> QUITO | D22: =IF($A22="","",TRIM(SUBSTITUTE(SUBSTITUTE(SUBSTITUTE(SUBSTITUTE(SUBSTITUTE(SUBSTITUTE(UPPER(IFERROR(INDEX('Base de Personas'!$E7:E21,MATCH($A22,'Base de Personas'!$B7:B21,0)),IFERROR(INDEX($D$5:D21,MATCH($A22,$A$5:A21,0)),""))),"Á","A"),"É","E"),"Í","I"),"Ó","O"),"Ú","U"),"Ü","U"))) -> INTENDENCIA NACIONAL ADMINISTRATIVA FINANCIERA | E22: =IF($A22="","",TRIM(SUBSTITUTE(SUBSTITUTE(SUBSTITUTE(SUBSTITUTE(SUBSTITUTE(SUBSTITUTE(UPPER(IFERROR(INDEX('Base de Personas'!$F7:F21,MATCH($A22,'Base de Personas'!$B7:B21,0)),IFERROR(INDEX($E$5:E21,MATCH($A22,$A$5:A21,0)),""))),"Á","A"),"É","E"),"Í","I"),"Ó","O"),"Ú","U"),"Ü","U"))) -> DIRECCION NACIONAL ADMINISTRATIVA | F22: =IF($A22="","",TRIM(SUBSTITUTE(SUBSTITUTE(SUBSTITUTE(SUBSTITUTE(SUBSTITUTE(SUBSTITUTE(UPPER(IFERROR(INDEX('Base de Personas'!$G7:G21,MATCH($A22,'Base de Personas'!$B7:B21,0)),IFERROR(INDEX($F$5:F21,MATCH($A22,$A$5:A21,0)),""))),"Á","A"),"É","E"),"Í","I"),"Ó","O"),"Ú","U"),"Ü","U"))) -> ANALISTA ADMINISTRATIVO DE SERVICIOS GENERALES | G22: =IF($A22="","",TRIM(SUBSTITUTE(SUBSTITUTE(SUBSTITUTE(SUBSTITUTE(SUBSTITUTE(SUBSTITUTE(UPPER(IFERROR(INDEX('Base de Personas'!$H7:H21,MATCH($A22,'Base de Personas'!$B7:B21,0)),IFERROR(INDEX($G$5:G21,MATCH($A22,$A$5:A21,0)),""))),"Á","A"),"É","E"),"Í","I"),"Ó","O"),"Ú","U"),"Ü","U"))) -> SERVIDOR PUBLICO 7 | H22: =IF($A22="","",IFERROR(INDEX('Base de Personas'!$I$7:$I$21,MATCH($A22,'Base de Personas'!$B$7:$B$21,0)),IFERROR(INDEX($H$5:H21,MATCH($A22,$A$5:A21,0)),""))) -> 1676 | I22: MINISTERIO DE EDUCACION | J22: 45689 | K22: 46050 | M22: =IF($A22="","",IF(K22=_xlfn.MAXIFS($K$5:$K$304,$A$5:$A$304,$A22),1,0)) -> 0 | N22: =IF($A22="","",IF(M22=1,$A22&"-ACT","")) | O22: =IF($A22="","",IF(AND(COUNTIF('Base de Personas'!$B$7:$B$21,$A22)=0,COUNTIF($A$5:A22,$A22)=1),1,0)) -> 0 | P22: =IF(O22=1,SUM($O$5:O22),"")
A23: 1717835407 | B23: =IF($A23="","",TRIM(SUBSTITUTE(SUBSTITUTE(SUBSTITUTE(SUBSTITUTE(SUBSTITUTE(SUBSTITUTE(UPPER(IFERROR(INDEX('Base de Personas'!$C7:C21,MATCH($A23,'Base de Personas'!$B7:B21,0)),IFERROR(INDEX($B$5:B22,MATCH($A23,$A$5:A22,0)),""))),"Á","A"),"É","E"),"Í","I"),"Ó","O"),"Ú","U"),"Ü","U"))) -> PALLARES CASTRO DARIO XAVIER | C23: =IF($A23="","",TRIM(SUBSTITUTE(SUBSTITUTE(SUBSTITUTE(SUBSTITUTE(SUBSTITUTE(SUBSTITUTE(UPPER(IFERROR(INDEX('Base de Personas'!$D7:D21,MATCH($A23,'Base de Personas'!$B7:B21,0)),IFERROR(INDEX($C$5:C22,MATCH($A23,$A$5:A22,0)),""))),"Á","A"),"É","E"),"Í","I"),"Ó","O"),"Ú","U"),"Ü","U"))) -> QUITO | D23: =IF($A23="","",TRIM(SUBSTITUTE(SUBSTITUTE(SUBSTITUTE(SUBSTITUTE(SUBSTITUTE(SUBSTITUTE(UPPER(IFERROR(INDEX('Base de Personas'!$E7:E21,MATCH($A23,'Base de Personas'!$B7:B21,0)),IFERROR(INDEX($D$5:D22,MATCH($A23,$A$5:A22,0)),""))),"Á","A"),"É","E"),"Í","I"),"Ó","O"),"Ú","U"),"Ü","U"))) -> INTENDENCIA NACIONAL ADMINISTRATIVA FINANCIERA | E23: =IF($A23="","",TRIM(SUBSTITUTE(SUBSTITUTE(SUBSTITUTE(SUBSTITUTE(SUBSTITUTE(SUBSTITUTE(UPPER(IFERROR(INDEX('Base de Personas'!$F7:F21,MATCH($A23,'Base de Personas'!$B7:B21,0)),IFERROR(INDEX($E$5:E22,MATCH($A23,$A$5:A22,0)),""))),"Á","A"),"É","E"),"Í","I"),"Ó","O"),"Ú","U"),"Ü","U"))) -> DIRECCION NACIONAL ADMINISTRATIVA | F23: =IF($A23="","",TRIM(SUBSTITUTE(SUBSTITUTE(SUBSTITUTE(SUBSTITUTE(SUBSTITUTE(SUBSTITUTE(UPPER(IFERROR(INDEX('Base de Personas'!$G7:G21,MATCH($A23,'Base de Personas'!$B7:B21,0)),IFERROR(INDEX($F$5:F22,MATCH($A23,$A$5:A22,0)),""))),"Á","A"),"É","E"),"Í","I"),"Ó","O"),"Ú","U"),"Ü","U"))) -> ANALISTA ADMINISTRATIVO DE SERVICIOS GENERALES | G23: =IF($A23="","",TRIM(SUBSTITUTE(SUBSTITUTE(SUBSTITUTE(SUBSTITUTE(SUBSTITUTE(SUBSTITUTE(UPPER(IFERROR(INDEX('Base de Personas'!$H7:H21,MATCH($A23,'Base de Personas'!$B7:B21,0)),IFERROR(INDEX($G$5:G22,MATCH($A23,$A$5:A22,0)),""))),"Á","A"),"É","E"),"Í","I"),"Ó","O"),"Ú","U"),"Ü","U"))) -> SERVIDOR PUBLICO 7 | H23: =IF($A23="","",IFERROR(INDEX('Base de Personas'!$I$7:$I$21,MATCH($A23,'Base de Personas'!$B$7:$B$21,0)),IFERROR(INDEX($H$5:H22,MATCH($A23,$A$5:A22,0)),""))) -> 1676 | I23: CONSEJO DE LA JUDICATURA | J23: 46054 | K23: 46112 | M23: =IF($A23="","",IF(K23=_xlfn.MAXIFS($K$5:$K$304,$A$5:$A$304,$A23),1,0)) -> 0 | N23: =IF($A23="","",IF(M23=1,$A23&"-ACT","")) | O23: =IF($A23="","",IF(AND(COUNTIF('Base de Personas'!$B$7:$B$21,$A23)=0,COUNTIF($A$5:A23,$A23)=1),1,0)) -> 0 | P23: =IF(O23=1,SUM($O$5:O23),"")
A24: 1717835407 | B24: =IF($A24="","",TRIM(SUBSTITUTE(SUBSTITUTE(SUBSTITUTE(SUBSTITUTE(SUBSTITUTE(SUBSTITUTE(UPPER(IFERROR(INDEX('Base de Personas'!$C7:C21,MATCH($A24,'Base de Personas'!$B7:B21,0)),IFERROR(INDEX($B$5:B23,MATCH($A24,$A$5:A23,0)),""))),"Á","A"),"É","E"),"Í","I"),"Ó","O"),"Ú","U"),"Ü","U"))) -> PALLARES CASTRO DARIO XAVIER | C24: =IF($A24="","",TRIM(SUBSTITUTE(SUBSTITUTE(SUBSTITUTE(SUBSTITUTE(SUBSTITUTE(SUBSTITUTE(UPPER(IFERROR(INDEX('Base de Personas'!$D7:D21,MATCH($A24,'Base de Personas'!$B7:B21,0)),IFERROR(INDEX($C$5:C23,MATCH($A24,$A$5:A23,0)),""))),"Á","A"),"É","E"),"Í","I"),"Ó","O"),"Ú","U"),"Ü","U"))) -> QUITO | D24: =IF($A24="","",TRIM(SUBSTITUTE(SUBSTITUTE(SUBSTITUTE(SUBSTITUTE(SUBSTITUTE(SUBSTITUTE(UPPER(IFERROR(INDEX('Base de Personas'!$E7:E21,MATCH($A24,'Base de Personas'!$B7:B21,0)),IFERROR(INDEX($D$5:D23,MATCH($A24,$A$5:A23,0)),""))),"Á","A"),"É","E"),"Í","I"),"Ó","O"),"Ú","U"),"Ü","U"))) -> INTENDENCIA NACIONAL ADMINISTRATIVA FINANCIERA | E24: =IF($A24="","",TRIM(SUBSTITUTE(SUBSTITUTE(SUBSTITUTE(SUBSTITUTE(SUBSTITUTE(SUBSTITUTE(UPPER(IFERROR(INDEX('Base de Personas'!$F7:F21,MATCH($A24,'Base de Personas'!$B7:B21,0)),IFERROR(INDEX($E$5:E23,MATCH($A24,$A$5:A23,0)),""))),"Á","A"),"É","E"),"Í","I"),"Ó","O"),"Ú","U"),"Ü","U"))) -> DIRECCION NACIONAL ADMINISTRATIVA | F24: =IF($A24="","",TRIM(SUBSTITUTE(SUBSTITUTE(SUBSTITUTE(SUBSTITUTE(SUBSTITUTE(SUBSTITUTE(UPPER(IFERROR(INDEX('Base de Personas'!$G7:G21,MATCH($A24,'Base de Personas'!$B7:B21,0)),IFERROR(INDEX($F$5:F23,MATCH($A24,$A$5:A23,0)),""))),"Á","A"),"É","E"),"Í","I"),"Ó","O"),"Ú","U"),"Ü","U"))) -> ANALISTA ADMINISTRATIVO DE SERVICIOS GENERALES | G24: =IF($A24="","",TRIM(SUBSTITUTE(SUBSTITUTE(SUBSTITUTE(SUBSTITUTE(SUBSTITUTE(SUBSTITUTE(UPPER(IFERROR(INDEX('Base de Personas'!$H7:H21,MATCH($A24,'Base de Personas'!$B7:B21,0)),IFERROR(INDEX($G$5:G23,MATCH($A24,$A$5:A23,0)),""))),"Á","A"),"É","E"),"Í","I"),"Ó","O"),"Ú","U"),"Ü","U"))) -> SERVIDOR PUBLICO 7 | H24: =IF($A24="","",IFERROR(INDEX('Base de Personas'!$I$7:$I$21,MATCH($A24,'Base de Personas'!$B$7:$B$21,0)),IFERROR(INDEX($H$5:H23,MATCH($A24,$A$5:A23,0)),""))) -> 1676 | I24: MINISTERIO DEL TRABAJO | J24: 46204 | K24: 46568 | L24: ALVEAR VALDIVIESO BYRON RAMIRO | M24: =IF($A24="","",IF(K24=_xlfn.MAXIFS($K$5:$K$304,$A$5:$A$304,$A24),1,0)) -> 1 | N24: =IF($A24="","",IF(M24=1,$A24&"-ACT","")) -> 1717835407-ACT | O24: =IF($A24="","",IF(AND(COUNTIF('Base de Personas'!$B$7:$B$21,$A24)=0,COUNTIF($A$5:A24,$A24)=1),1,0)) -> 0 | P24: =IF(O24=1,SUM($O$5:O24),"")
A25: 1718348913 | B25: =IF($A25="","",TRIM(SUBSTITUTE(SUBSTITUTE(SUBSTITUTE(SUBSTITUTE(SUBSTITUTE(SUBSTITUTE(UPPER(IFERROR(INDEX('Base de Personas'!$C7:C21,MATCH($A25,'Base de Personas'!$B7:B21,0)),IFERROR(INDEX($B$5:B24,MATCH($A25,$A$5:A24,0)),""))),"Á","A"),"É","E"),"Í","I"),"Ó","O"),"Ú","U"),"Ü","U"))) -> BURBANO PALACIOS MARIA EUGENIA | C25: =IF($A25="","",TRIM(SUBSTITUTE(SUBSTITUTE(SUBSTITUTE(SUBSTITUTE(SUBSTITUTE(SUBSTITUTE(UPPER(IFERROR(INDEX('Base de Personas'!$D7:D21,MATCH($A25,'Base de Personas'!$B7:B21,0)),IFERROR(INDEX($C$5:C24,MATCH($A25,$A$5:A24,0)),""))),"Á","A"),"É","E"),"Í","I"),"Ó","O"),"Ú","U"),"Ü","U"))) -> QUITO | D25: =IF($A25="","",TRIM(SUBSTITUTE(SUBSTITUTE(SUBSTITUTE(SUBSTITUTE(SUBSTITUTE(SUBSTITUTE(UPPER(IFERROR(INDEX('Base de Personas'!$E7:E21,MATCH($A25,'Base de Personas'!$B7:B21,0)),IFERROR(INDEX($D$5:D24,MATCH($A25,$A$5:A24,0)),""))),"Á","A"),"É","E"),"Í","I"),"Ó","O"),"Ú","U"),"Ü","U"))) -> INTENDENCIA NACIONAL ADMINISTRATIVA FINANCIERA | E25: =IF($A25="","",TRIM(SUBSTITUTE(SUBSTITUTE(SUBSTITUTE(SUBSTITUTE(SUBSTITUTE(SUBSTITUTE(UPPER(IFERROR(INDEX('Base de Personas'!$F7:F21,MATCH($A25,'Base de Personas'!$B7:B21,0)),IFERROR(INDEX($E$5:E24,MATCH($A25,$A$5:A24,0)),""))),"Á","A"),"É","E"),"Í","I"),"Ó","O"),"Ú","U"),"Ü","U"))) -> DIRECCION NACIONAL ADMINISTRATIVA | F25: =IF($A25="","",TRIM(SUBSTITUTE(SUBSTITUTE(SUBSTITUTE(SUBSTITUTE(SUBSTITUTE(SUBSTITUTE(UPPER(IFERROR(INDEX('Base de Personas'!$G7:G21,MATCH($A25,'Base de Personas'!$B7:B21,0)),IFERROR(INDEX($F$5:F24,MATCH($A25,$A$5:A24,0)),""))),"Á","A"),"É","E"),"Í","I"),"Ó","O"),"Ú","U"),"Ü","U"))) -> ANALISTA DE COMPRAS | G25: =IF($A25="","",TRIM(SUBSTITUTE(SUBSTITUTE(SUBSTITUTE(SUBSTITUTE(SUBSTITUTE(SUBSTITUTE(UPPER(IFERROR(INDEX('Base de Personas'!$H7:H21,MATCH($A25,'Base de Personas'!$B7:B21,0)),IFERROR(INDEX($G$5:G24,MATCH($A25,$A$5:A24,0)),""))),"Á","A"),"É","E"),"Í","I"),"Ó","O"),"Ú","U"),"Ü","U"))) -> SERVIDOR PUBLICO 5 | H25: =IF($A25="","",IFERROR(INDEX('Base de Personas'!$I$7:$I$21,MATCH($A25,'Base de Personas'!$B$7:$B$21,0)),IFERROR(INDEX($H$5:H24,MATCH($A25,$A$5:A24,0)),""))) -> 1212 | I25: MINISTERIO DE EDUCACION | J25: 45689 | K25: 46050 | M25: =IF($A25="","",IF(K25=_xlfn.MAXIFS($K$5:$K$304,$A$5:$A$304,$A25),1,0)) -> 0 | N25: =IF($A25="","",IF(M25=1,$A25&"-ACT","")) | O25: =IF($A25="","",IF(AND(COUNTIF('Base de Personas'!$B$7:$B$21,$A25)=0,COUNTIF($A$5:A25,$A25)=1),1,0)) -> 0 | P25: =IF(O25=1,SUM($O$5:O25),"")
A26: 1718348913 | B26: =IF($A26="","",TRIM(SUBSTITUTE(SUBSTITUTE(SUBSTITUTE(SUBSTITUTE(SUBSTITUTE(SUBSTITUTE(UPPER(IFERROR(INDEX('Base de Personas'!$C7:C21,MATCH($A26,'Base de Personas'!$B7:B21,0)),IFERROR(INDEX($B$5:B25,MATCH($A26,$A$5:A25,0)),""))),"Á","A"),"É","E"),"Í","I"),"Ó","O"),"Ú","U"),"Ü","U"))) -> BURBANO PALACIOS MARIA EUGENIA | C26: =IF($A26="","",TRIM(SUBSTITUTE(SUBSTITUTE(SUBSTITUTE(SUBSTITUTE(SUBSTITUTE(SUBSTITUTE(UPPER(IFERROR(INDEX('Base de Personas'!$D7:D21,MATCH($A26,'Base de Personas'!$B7:B21,0)),IFERROR(INDEX($C$5:C25,MATCH($A26,$A$5:A25,0)),""))),"Á","A"),"É","E"),"Í","I"),"Ó","O"),"Ú","U"),"Ü","U"))) -> QUITO | D26: =IF($A26="","",TRIM(SUBSTITUTE(SUBSTITUTE(SUBSTITUTE(SUBSTITUTE(SUBSTITUTE(SUBSTITUTE(UPPER(IFERROR(INDEX('Base de Personas'!$E7:E21,MATCH($A26,'Base de Personas'!$B7:B21,0)),IFERROR(INDEX($D$5:D25,MATCH($A26,$A$5:A25,0)),""))),"Á","A"),"É","E"),"Í","I"),"Ó","O"),"Ú","U"),"Ü","U"))) -> INTENDENCIA NACIONAL ADMINISTRATIVA FINANCIERA | E26: =IF($A26="","",TRIM(SUBSTITUTE(SUBSTITUTE(SUBSTITUTE(SUBSTITUTE(SUBSTITUTE(SUBSTITUTE(UPPER(IFERROR(INDEX('Base de Personas'!$F7:F21,MATCH($A26,'Base de Personas'!$B7:B21,0)),IFERROR(INDEX($E$5:E25,MATCH($A26,$A$5:A25,0)),""))),"Á","A"),"É","E"),"Í","I"),"Ó","O"),"Ú","U"),"Ü","U"))) -> DIRECCION NACIONAL ADMINISTRATIVA | F26: =IF($A26="","",TRIM(SUBSTITUTE(SUBSTITUTE(SUBSTITUTE(SUBSTITUTE(SUBSTITUTE(SUBSTITUTE(UPPER(IFERROR(INDEX('Base de Personas'!$G7:G21,MATCH($A26,'Base de Personas'!$B7:B21,0)),IFERROR(INDEX($F$5:F25,MATCH($A26,$A$5:A25,0)),""))),"Á","A"),"É","E"),"Í","I"),"Ó","O"),"Ú","U"),"Ü","U"))) -> ANALISTA DE COMPRAS | G26: =IF($A26="","",TRIM(SUBSTITUTE(SUBSTITUTE(SUBSTITUTE(SUBSTITUTE(SUBSTITUTE(SUBSTITUTE(UPPER(IFERROR(INDEX('Base de Personas'!$H7:H21,MATCH($A26,'Base de Personas'!$B7:B21,0)),IFERROR(INDEX($G$5:G25,MATCH($A26,$A$5:A25,0)),""))),"Á","A"),"É","E"),"Í","I"),"Ó","O"),"Ú","U"),"Ü","U"))) -> SERVIDOR PUBLICO 5 | H26: =IF($A26="","",IFERROR(INDEX('Base de Personas'!$I$7:$I$21,MATCH($A26,'Base de Personas'!$B$7:$B$21,0)),IFERROR(INDEX($H$5:H25,MATCH($A26,$A$5:A25,0)),""))) -> 1212 | I26: VICEPRESIDENCIA DE LA REPUBLICA DEL ECUADOR | J26: 46054 | K26: 46112 | L26: INACTIVO TEMPORALMENTE | M26: =IF($A26="","",IF(K26=_xlfn.MAXIFS($K$5:$K$304,$A$5:$A$304,$A26),1,0)) -> 1 | N26: =IF($A26="","",IF(M26=1,$A26&"-ACT","")) -> 1718348913-ACT | O26: =IF($A26="","",IF(AND(COUNTIF('Base de Personas'!$B$7:$B$21,$A26)=0,COUNTIF($A$5:A26,$A26)=1),1,0)) -> 0 | P26: =IF(O26=1,SUM($O$5:O26),"")
A27: 1802226850 | B27: =IF($A27="","",TRIM(SUBSTITUTE(SUBSTITUTE(SUBSTITUTE(SUBSTITUTE(SUBSTITUTE(SUBSTITUTE(UPPER(IFERROR(INDEX('Base de Personas'!$C7:C21,MATCH($A27,'Base de Personas'!$B7:B21,0)),IFERROR(INDEX($B$5:B26,MATCH($A27,$A$5:A26,0)),""))),"Á","A"),"É","E"),"Í","I"),"Ó","O"),"Ú","U"),"Ü","U"))) -> SALAZAR BERMEO TERESA ELIZABETH | C27: =IF($A27="","",TRIM(SUBSTITUTE(SUBSTITUTE(SUBSTITUTE(SUBSTITUTE(SUBSTITUTE(SUBSTITUTE(UPPER(IFERROR(INDEX('Base de Personas'!$D7:D21,MATCH($A27,'Base de Personas'!$B7:B21,0)),IFERROR(INDEX($C$5:C26,MATCH($A27,$A$5:A26,0)),""))),"Á","A"),"É","E"),"Í","I"),"Ó","O"),"Ú","U"),"Ü","U"))) -> QUITO | D27: =IF($A27="","",TRIM(SUBSTITUTE(SUBSTITUTE(SUBSTITUTE(SUBSTITUTE(SUBSTITUTE(SUBSTITUTE(UPPER(IFERROR(INDEX('Base de Personas'!$E7:E21,MATCH($A27,'Base de Personas'!$B7:B21,0)),IFERROR(INDEX($D$5:D26,MATCH($A27,$A$5:A26,0)),""))),"Á","A"),"É","E"),"Í","I"),"Ó","O"),"Ú","U"),"Ü","U"))) -> INTENDENCIA NACIONAL DE SUPERVISION A ORGANIZACIONES DE LA ECONOMIA POPULAR Y SOLIDARIA | E27: =IF($A27="","",TRIM(SUBSTITUTE(SUBSTITUTE(SUBSTITUTE(SUBSTITUTE(SUBSTITUTE(SUBSTITUTE(UPPER(IFERROR(INDEX('Base de Personas'!$F7:F21,MATCH($A27,'Base de Personas'!$B7:B21,0)),IFERROR(INDEX($E$5:E26,MATCH($A27,$A$5:A26,0)),""))),"Á","A"),"É","E"),"Í","I"),"Ó","O"),"Ú","U"),"Ü","U"))) -> DIRECCION NACIONAL DE SUPERVISION A ORGANIZACIONES DE LA ECONOMIA POPULAR Y SOLIDARIA | F27: =IF($A27="","",TRIM(SUBSTITUTE(SUBSTITUTE(SUBSTITUTE(SUBSTITUTE(SUBSTITUTE(SUBSTITUTE(UPPER(IFERROR(INDEX('Base de Personas'!$G7:G21,MATCH($A27,'Base de Personas'!$B7:B21,0)),IFERROR(INDEX($F$5:F26,MATCH($A27,$A$5:A26,0)),""))),"Á","A"),"É","E"),"Í","I"),"Ó","O"),"Ú","U"),"Ü","U"))) -> ANALISTA DE SUPERVISION AUXILIAR DE LA EPS 2 | G27: =IF($A27="","",TRIM(SUBSTITUTE(SUBSTITUTE(SUBSTITUTE(SUBSTITUTE(SUBSTITUTE(SUBSTITUTE(UPPER(IFERROR(INDEX('Base de Personas'!$H7:H21,MATCH($A27,'Base de Personas'!$B7:B21,0)),IFERROR(INDEX($G$5:G26,MATCH($A27,$A$5:A26,0)),""))),"Á","A"),"É","E"),"Í","I"),"Ó","O"),"Ú","U"),"Ü","U"))) -> SERVIDOR PUBLICO 7 | H27: =IF($A27="","",IFERROR(INDEX('Base de Personas'!$I$7:$I$21,MATCH($A27,'Base de Personas'!$B$7:$B$21,0)),IFERROR(INDEX($H$5:H26,MATCH($A27,$A$5:A26,0)),""))) -> 1676 | I27: EMPRESA PUBLICA DE HIDROCARBUROS DEL ECUADOR EP PETROECUADOR | J27: 45978 | K27: 46342 | L27: SIN REGISTRAR | M27: =IF($A27="","",IF(K27=_xlfn.MAXIFS($K$5:$K$304,$A$5:$A$304,$A27),1,0)) -> 1 | N27: =IF($A27="","",IF(M27=1,$A27&"-ACT","")) -> 1802226850-ACT | O27: =IF($A27="","",IF(AND(COUNTIF('Base de Personas'!$B$7:$B$21,$A27)=0,COUNTIF($A$5:A27,$A27)=1),1,0)) -> 0 | P27: =IF(O27=1,SUM($O$5:O27),"")
A28: 0302025838 | B28: =IF($A28="","",TRIM(SUBSTITUTE(SUBSTITUTE(SUBSTITUTE(SUBSTITUTE(SUBSTITUTE(SUBSTITUTE(UPPER(IFERROR(INDEX('Base de Personas'!$C7:C21,MATCH($A28,'Base de Personas'!$B7:B21,0)),IFERROR(INDEX($B$5:B27,MATCH($A28,$A$5:A27,0)),""))),"Á","A"),"É","E"),"Í","I"),"Ó","O"),"Ú","U"),"Ü","U"))) -> CRESPO CARDENAS DAVID GERARDO | C28: =IF($A28="","",TRIM(SUBSTITUTE(SUBSTITUTE(SUBSTITUTE(SUBSTITUTE(SUBSTITUTE(SUBSTITUTE(UPPER(IFERROR(INDEX('Base de Personas'!$D7:D21,MATCH($A28,'Base de Personas'!$B7:B21,0)),IFERROR(INDEX($C$5:C27,MATCH($A28,$A$5:A27,0)),""))),"Á","A"),"É","E"),"Í","I"),"Ó","O"),"Ú","U"),"Ü","U"))) -> CUENCA | D28: =IF($A28="","",TRIM(SUBSTITUTE(SUBSTITUTE(SUBSTITUTE(SUBSTITUTE(SUBSTITUTE(SUBSTITUTE(UPPER(IFERROR(INDEX('Base de Personas'!$E7:E21,MATCH($A28,'Base de Personas'!$B7:B21,0)),IFERROR(INDEX($D$5:D27,MATCH($A28,$A$5:A27,0)),""))),"Á","A"),"É","E"),"Í","I"),"Ó","O"),"Ú","U"),"Ü","U"))) -> DIRECCION ZONAL 5 | E28: =IF($A28="","",TRIM(SUBSTITUTE(SUBSTITUTE(SUBSTITUTE(SUBSTITUTE(SUBSTITUTE(SUBSTITUTE(UPPER(IFERROR(INDEX('Base de Personas'!$F7:F21,MATCH($A28,'Base de Personas'!$B7:B21,0)),IFERROR(INDEX($E$5:E27,MATCH($A28,$A$5:A27,0)),""))),"Á","A"),"É","E"),"Í","I"),"Ó","O"),"Ú","U"),"Ü","U"))) -> UNIDAD LEGAL DEL SECTOR FINANCIERO | F28: =IF($A28="","",TRIM(SUBSTITUTE(SUBSTITUTE(SUBSTITUTE(SUBSTITUTE(SUBSTITUTE(SUBSTITUTE(UPPER(IFERROR(INDEX('Base de Personas'!$G7:G21,MATCH($A28,'Base de Personas'!$B7:B21,0)),IFERROR(INDEX($F$5:F27,MATCH($A28,$A$5:A27,0)),""))),"Á","A"),"É","E"),"Í","I"),"Ó","O"),"Ú","U"),"Ü","U"))) -> ANALISTA LEGAL DEL SECTOR FINANCIERO ZONAL 2 | G28: =IF($A28="","",TRIM(SUBSTITUTE(SUBSTITUTE(SUBSTITUTE(SUBSTITUTE(SUBSTITUTE(SUBSTITUTE(UPPER(IFERROR(INDEX('Base de Personas'!$H7:H21,MATCH($A28,'Base de Personas'!$B7:B21,0)),IFERROR(INDEX($G$5:G27,MATCH($A28,$A$5:A27,0)),""))),"Á","A"),"É","E"),"Í","I"),"Ó","O"),"Ú","U"),"Ü","U"))) -> SERVIDOR PUBLICO 7 | H28: =IF($A28="","",IFERROR(INDEX('Base de Personas'!$I$7:$I$21,MATCH($A28,'Base de Personas'!$B$7:$B$21,0)),IFERROR(INDEX($H$5:H27,MATCH($A28,$A$5:A27,0)),""))) -> 1676 | I28: GOBERNACION DE LA PROVINCIA DEL CAÑAR | J28: 46013 | K28: 46377 | L28: SIN REGISTRAR | M28: =IF($A28="","",IF(K28=_xlfn.MAXIFS($K$5:$K$304,$A$5:$A$304,$A28),1,0)) -> 1 | N28: =IF($A28="","",IF(M28=1,$A28&"-ACT","")) -> 0302025838-ACT | O28: =IF($A28="","",IF(AND(COUNTIF('Base de Personas'!$B$7:$B$21,$A28)=0,COUNTIF($A$5:A28,$A28)=1),1,0)) -> 0 | P28: =IF(O28=1,SUM($O$5:O28),"")
A29: 1715408819 | B29: =IF($A29="","",TRIM(SUBSTITUTE(SUBSTITUTE(SUBSTITUTE(SUBSTITUTE(SUBSTITUTE(SUBSTITUTE(UPPER(IFERROR(INDEX('Base de Personas'!$C7:C21,MATCH($A29,'Base de Personas'!$B7:B21,0)),IFERROR(INDEX($B$5:B28,MATCH($A29,$A$5:A28,0)),""))),"Á","A"),"É","E"),"Í","I"),"Ó","O"),"Ú","U"),"Ü","U"))) -> BRICEÑO PILA ANA MARIA | C29: =IF($A29="","",TRIM(SUBSTITUTE(SUBSTITUTE(SUBSTITUTE(SUBSTITUTE(SUBSTITUTE(SUBSTITUTE(UPPER(IFERROR(INDEX('Base de Personas'!$D7:D21,MATCH($A29,'Base de Personas'!$B7:B21,0)),IFERROR(INDEX($C$5:C28,MATCH($A29,$A$5:A28,0)),""))),"Á","A"),"É","E"),"Í","I"),"Ó","O"),"Ú","U"),"Ü","U"))) -> QUITO | D29: =IF($A29="","",TRIM(SUBSTITUTE(SUBSTITUTE(SUBSTITUTE(SUBSTITUTE(SUBSTITUTE(SUBSTITUTE(UPPER(IFERROR(INDEX('Base de Personas'!$E7:E21,MATCH($A29,'Base de Personas'!$B7:B21,0)),IFERROR(INDEX($D$5:D28,MATCH($A29,$A$5:A28,0)),""))),"Á","A"),"É","E"),"Í","I"),"Ó","O"),"Ú","U"),"Ü","U"))) -> INTENDENCIA NACIONAL DE RIESGOS | E29: =IF($A29="","",TRIM(SUBSTITUTE(SUBSTITUTE(SUBSTITUTE(SUBSTITUTE(SUBSTITUTE(SUBSTITUTE(UPPER(IFERROR(INDEX('Base de Personas'!$F7:F21,MATCH($A29,'Base de Personas'!$B7:B21,0)),IFERROR(INDEX($E$5:E28,MATCH($A29,$A$5:A28,0)),""))),"Á","A"),"É","E"),"Í","I"),"Ó","O"),"Ú","U"),"Ü","U"))) -> DIRECCION NACIONAL DE SEGUIMIENTO | F29: =IF($A29="","",TRIM(SUBSTITUTE(SUBSTITUTE(SUBSTITUTE(SUBSTITUTE(SUBSTITUTE(SUBSTITUTE(UPPER(IFERROR(INDEX('Base de Personas'!$G7:G21,MATCH($A29,'Base de Personas'!$B7:B21,0)),IFERROR(INDEX($F$5:F28,MATCH($A29,$A$5:A28,0)),""))),"Á","A"),"É","E"),"Í","I"),"Ó","O"),"Ú","U"),"Ü","U"))) -> ANALISTA DE SUPERVISION AUXILIAR DE LA EPS 1 | G29: =IF($A29="","",TRIM(SUBSTITUTE(SUBSTITUTE(SUBSTITUTE(SUBSTITUTE(SUBSTITUTE(SUBSTITUTE(UPPER(IFERROR(INDEX('Base de Personas'!$H7:H21,MATCH($A29,'Base de Personas'!$B7:B21,0)),IFERROR(INDEX($G$5:G28,MATCH($A29,$A$5:A28,0)),""))),"Á","A"),"É","E"),"Í","I"),"Ó","O"),"Ú","U"),"Ü","U"))) -> SERVIDOR PUBLICO 5 | H29: =IF($A29="","",IFERROR(INDEX('Base de Personas'!$I$7:$I$21,MATCH($A29,'Base de Personas'!$B$7:$B$21,0)),IFERROR(INDEX($H$5:H28,MATCH($A29,$A$5:A28,0)),""))) -> 1212 | I29: EMPRESA PUBLICA DE HIDROCARBUROS DEL ECUADOR EP PETROECUADOR | J29: 46113 | K29: 46843 | L29: SIN REGISTRAR | M29: =IF($A29="","",IF(K29=_xlfn.MAXIFS($K$5:$K$304,$A$5:$A$304,$A29),1,0)) -> 1 | N29: =IF($A29="","",IF(M29=1,$A29&"-ACT","")) -> 1715408819-ACT | O29: =IF($A29="","",IF(AND(COUNTIF('Base de Personas'!$B$7:$B$21,$A29)=0,COUNTIF($A$5:A29,$A29)=1),1,0)) -> 0 | P29: =IF(O29=1,SUM($O$5:O29),"")
A30: 1725390221 | B30: =IF($A30="","",TRIM(SUBSTITUTE(SUBSTITUTE(SUBSTITUTE(SUBSTITUTE(SUBSTITUTE(SUBSTITUTE(UPPER(IFERROR(INDEX('Base de Personas'!$C7:C21,MATCH($A30,'Base de Personas'!$B7:B21,0)),IFERROR(INDEX($B$5:B29,MATCH($A30,$A$5:A29,0)),""))),"Á","A"),"É","E"),"Í","I"),"Ó","O"),"Ú","U"),"Ü","U"))) -> PAUCAR AREVALO JACQUELINE ESTEFANIA | C30: =IF($A30="","",TRIM(SUBSTITUTE(SUBSTITUTE(SUBSTITUTE(SUBSTITUTE(SUBSTITUTE(SUBSTITUTE(UPPER(IFERROR(INDEX('Base de Personas'!$D7:D21,MATCH($A30,'Base de Personas'!$B7:B21,0)),IFERROR(INDEX($C$5:C29,MATCH($A30,$A$5:A29,0)),""))),"Á","A"),"É","E"),"Í","I"),"Ó","O"),"Ú","U"),"Ü","U"))) -> QUITO | D30: =IF($A30="","",TRIM(SUBSTITUTE(SUBSTITUTE(SUBSTITUTE(SUBSTITUTE(SUBSTITUTE(SUBSTITUTE(UPPER(IFERROR(INDEX('Base de Personas'!$E7:E21,MATCH($A30,'Base de Personas'!$B7:B21,0)),IFERROR(INDEX($D$5:D29,MATCH($A30,$A$5:A29,0)),""))),"Á","A"),"É","E"),"Í","I"),"Ó","O"),"Ú","U"),"Ü","U"))) -> INTENDENCIA NACIONAL DE GESTION DE LA INFORMACION Y NORMATIVA TECNICA | E30: =IF($A30="","",TRIM(SUBSTITUTE(SUBSTITUTE(SUBSTITUTE(SUBSTITUTE(SUBSTITUTE(SUBSTITUTE(UPPER(IFERROR(INDEX('Base de Personas'!$F7:F21,MATCH($A30,'Base de Personas'!$B7:B21,0)),IFERROR(INDEX($E$5:E29,MATCH($A30,$A$5:A29,0)),""))),"Á","A"),"É","E"),"Í","I"),"Ó","O"),"Ú","U"),"Ü","U"))) -> DIRECCION NACIONAL DE ESTUDIOS, DESARROLLO E INNOVACION | F30: =IF($A30="","",TRIM(SUBSTITUTE(SUBSTITUTE(SUBSTITUTE(SUBSTITUTE(SUBSTITUTE(SUBSTITUTE(UPPER(IFERROR(INDEX('Base de Personas'!$G7:G21,MATCH($A30,'Base de Personas'!$B7:B21,0)),IFERROR(INDEX($F$5:F29,MATCH($A30,$A$5:A29,0)),""))),"Á","A"),"É","E"),"Í","I"),"Ó","O"),"Ú","U"),"Ü","U"))) -> ANALISTA DE INVESTIGACION Y CAPACITACION 1 | G30: =IF($A30="","",TRIM(SUBSTITUTE(SUBSTITUTE(SUBSTITUTE(SUBSTITUTE(SUBSTITUTE(SUBSTITUTE(UPPER(IFERROR(INDEX('Base de Personas'!$H7:H21,MATCH($A30,'Base de Personas'!$B7:B21,0)),IFERROR(INDEX($G$5:G29,MATCH($A30,$A$5:A29,0)),""))),"Á","A"),"É","E"),"Í","I"),"Ó","O"),"Ú","U"),"Ü","U"))) -> SERVIDOR PUBLICO 5 | H30: =IF($A30="","",IFERROR(INDEX('Base de Personas'!$I$7:$I$21,MATCH($A30,'Base de Personas'!$B$7:$B$21,0)),IFERROR(INDEX($H$5:H29,MATCH($A30,$A$5:A29,0)),""))) -> 1212 | I30: BANCO DEL INSTITUTO ECUATORIANO DE SEGURIDAD SOCIAL BIESS | J30: 46113 | K30: 46477 | L30: SIN REGISTRAR | M30: =IF($A30="","",IF(K30=_xlfn.MAXIFS($K$5:$K$304,$A$5:$A$304,$A30),1,0)) -> 1 | N30: =IF($A30="","",IF(M30=1,$A30&"-ACT","")) -> 1725390221-ACT | O30: =IF($A30="","",IF(AND(COUNTIF('Base de Personas'!$B$7:$B$21,$A30)=0,COUNTIF($A$5:A30,$A30)=1),1,0)) -> 0 | P30: =IF(O30=1,SUM($O$5:O30),"")
A31: 1721084919 | B31: =IF($A31="","",TRIM(SUBSTITUTE(SUBSTITUTE(SUBSTITUTE(SUBSTITUTE(SUBSTITUTE(SUBSTITUTE(UPPER(IFERROR(INDEX('Base de Personas'!$C7:C21,MATCH($A31,'Base de Personas'!$B7:B21,0)),IFERROR(INDEX($B$5:B30,MATCH($A31,$A$5:A30,0)),""))),"Á","A"),"É","E"),"Í","I"),"Ó","O"),"Ú","U"),"Ü","U"))) -> BEDON VELASCO KARINA SALOME | C31: =IF($A31="","",TRIM(SUBSTITUTE(SUBSTITUTE(SUBSTITUTE(SUBSTITUTE(SUBSTITUTE(SUBSTITUTE(UPPER(IFERROR(INDEX('Base de Personas'!$D7:D21,MATCH($A31,'Base de Personas'!$B7:B21,0)),IFERROR(INDEX($C$5:C30,MATCH($A31,$A$5:A30,0)),""))),"Á","A"),"É","E"),"Í","I"),"Ó","O"),"Ú","U"),"Ü","U"))) -> QUITO | D31: =IF($A31="","",TRIM(SUBSTITUTE(SUBSTITUTE(SUBSTITUTE(SUBSTITUTE(SUBSTITUTE(SUBSTITUTE(UPPER(IFERROR(INDEX('Base de Personas'!$E7:E21,MATCH($A31,'Base de Personas'!$B7:B21,0)),IFERROR(INDEX($D$5:D30,MATCH($A31,$A$5:A30,0)),""))),"Á","A"),"É","E"),"Í","I"),"Ó","O"),"Ú","U"),"Ü","U"))) -> INTENDENCIA NACIONAL ADMINISTRATIVA FINANCIERA | E31: =IF($A31="","",TRIM(SUBSTITUTE(SUBSTITUTE(SUBSTITUTE(SUBSTITUTE(SUBSTITUTE(SUBSTITUTE(UPPER(IFERROR(INDEX('Base de Personas'!$F7:F21,MATCH($A31,'Base de Personas'!$B7:B21,0)),IFERROR(INDEX($E$5:E30,MATCH($A31,$A$5:A30,0)),""))),"Á","A"),"É","E"),"Í","I"),"Ó","O"),"Ú","U"),"Ü","U"))) -> DIRECCION NACIONAL ADMINISTRATIVA | F31: =IF($A31="","",TRIM(SUBSTITUTE(SUBSTITUTE(SUBSTITUTE(SUBSTITUTE(SUBSTITUTE(SUBSTITUTE(UPPER(IFERROR(INDEX('Base de Personas'!$G7:G21,MATCH($A31,'Base de Personas'!$B7:B21,0)),IFERROR(INDEX($F$5:F30,MATCH($A31,$A$5:A30,0)),""))),"Á","A"),"É","E"),"Í","I"),"Ó","O"),"Ú","U"),"Ü","U"))) -> ASISTENTE DE COMPRAS PUBLICAS | G31: =IF($A31="","",TRIM(SUBSTITUTE(SUBSTITUTE(SUBSTITUTE(SUBSTITUTE(SUBSTITUTE(SUBSTITUTE(UPPER(IFERROR(INDEX('Base de Personas'!$H7:H21,MATCH($A31,'Base de Personas'!$B7:B21,0)),IFERROR(INDEX($G$5:G30,MATCH($A31,$A$5:A30,0)),""))),"Á","A"),"É","E"),"Í","I"),"Ó","O"),"Ú","U"),"Ü","U"))) -> SERVIDOR PUBLICO 1 | H31: =IF($A31="","",IFERROR(INDEX('Base de Personas'!$I$7:$I$21,MATCH($A31,'Base de Personas'!$B$7:$B$21,0)),IFERROR(INDEX($H$5:H30,MATCH($A31,$A$5:A30,0)),""))) -> 817 | I31: CONSORCIO DE GOBIERNOS AUTONOMOS PROVINCIALES DEL ECUADOR CONGOPE | J31: 46132 | K31: 46265 | L31: SIN REGISTRAR | M31: =IF($A31="","",IF(K31=_xlfn.MAXIFS($K$5:$K$304,$A$5:$A$304,$A31),1,0)) -> 1 | N31: =IF($A31="","",IF(M31=1,$A31&"-ACT","")) -> 1721084919-ACT | O31: =IF($A31="","",IF(AND(COUNTIF('Base de Personas'!$B$7:$B$21,$A31)=0,COUNTIF($A$5:A31,$A31)=1),1,0)) -> 0 | P31: =IF(O31=1,SUM($O$5:O31),"")
B32: =IF($A32="","",TRIM(SUBSTITUTE(SUBSTITUTE(SUBSTITUTE(SUBSTITUTE(SUBSTITUTE(SUBSTITUTE(UPPER(IFERROR(INDEX('Base de Personas'!$C7:C21,MATCH($A32,'Base de Personas'!$B7:B21,0)),IFERROR(INDEX($B$5:B31,MATCH($A32,$A$5:A31,0)),""))),"Á","A"),"É","E"),"Í","I"),"Ó","O"),"Ú","U"),"Ü","U"))) | C32: =IF($A32="","",TRIM(SUBSTITUTE(SUBSTITUTE(SUBSTITUTE(SUBSTITUTE(SUBSTITUTE(SUBSTITUTE(UPPER(IFERROR(INDEX('Base de Personas'!$D7:D21,MATCH($A32,'Base de Personas'!$B7:B21,0)),IFERROR(INDEX($C$5:C31,MATCH($A32,$A$5:A31,0)),""))),"Á","A"),"É","E"),"Í","I"),"Ó","O"),"Ú","U"),"Ü","U"))) | D32: =IF($A32="","",TRIM(SUBSTITUTE(SUBSTITUTE(SUBSTITUTE(SUBSTITUTE(SUBSTITUTE(SUBSTITUTE(UPPER(IFERROR(INDEX('Base de Personas'!$E7:E21,MATCH($A32,'Base de Personas'!$B7:B21,0)),IFERROR(INDEX($D$5:D31,MATCH($A32,$A$5:A31,0)),""))),"Á","A"),"É","E"),"Í","I"),"Ó","O"),"Ú","U"),"Ü","U"))) | E32: =IF($A32="","",TRIM(SUBSTITUTE(SUBSTITUTE(SUBSTITUTE(SUBSTITUTE(SUBSTITUTE(SUBSTITUTE(UPPER(IFERROR(INDEX('Base de Personas'!$F7:F21,MATCH($A32,'Base de Personas'!$B7:B21,0)),IFERROR(INDEX($E$5:E31,MATCH($A32,$A$5:A31,0)),""))),"Á","A"),"É","E"),"Í","I"),"Ó","O"),"Ú","U"),"Ü","U"))) | F32: =IF($A32="","",TRIM(SUBSTITUTE(SUBSTITUTE(SUBSTITUTE(SUBSTITUTE(SUBSTITUTE(SUBSTITUTE(UPPER(IFERROR(INDEX('Base de Personas'!$G7:G21,MATCH($A32,'Base de Personas'!$B7:B21,0)),IFERROR(INDEX($F$5:F31,MATCH($A32,$A$5:A31,0)),""))),"Á","A"),"É","E"),"Í","I"),"Ó","O"),"Ú","U"),"Ü","U"))) | G32: =IF($A32="","",TRIM(SUBSTITUTE(SUBSTITUTE(SUBSTITUTE(SUBSTITUTE(SUBSTITUTE(SUBSTITUTE(UPPER(IFERROR(INDEX('Base de Personas'!$H7:H21,MATCH($A32,'Base de Personas'!$B7:B21,0)),IFERROR(INDEX($G$5:G31,MATCH($A32,$A$5:A31,0)),""))),"Á","A"),"É","E"),"Í","I"),"Ó","O"),"Ú","U"),"Ü","U"))) | H32: =IF($A32="","",IFERROR(INDEX('Base de Personas'!$I$7:$I$21,MATCH($A32,'Base de Personas'!$B$7:$B$21,0)),IFERROR(INDEX($H$5:H31,MATCH($A32,$A$5:A31,0)),""))) | M32: =IF($A32="","",IF(K32=_xlfn.MAXIFS($K$5:$K$304,$A$5:$A$304,$A32),1,0)) | N32: =IF($A32="","",IF(M32=1,$A32&"-ACT","")) | O32: =IF($A32="","",IF(AND(COUNTIF('Base de Personas'!$B$7:$B$21,$A32)=0,COUNTIF($A$5:A32,$A32)=1),1,0)) | P32: =IF(O32=1,SUM($O$5:O32),"")
B33: =IF($A33="","",TRIM(SUBSTITUTE(SUBSTITUTE(SUBSTITUTE(SUBSTITUTE(SUBSTITUTE(SUBSTITUTE(UPPER(IFERROR(INDEX('Base de Personas'!$C7:C21,MATCH($A33,'Base de Personas'!$B7:B21,0)),IFERROR(INDEX($B$5:B32,MATCH($A33,$A$5:A32,0)),""))),"Á","A"),"É","E"),"Í","I"),"Ó","O"),"Ú","U"),"Ü","U"))) | C33: =IF($A33="","",TRIM(SUBSTITUTE(SUBSTITUTE(SUBSTITUTE(SUBSTITUTE(SUBSTITUTE(SUBSTITUTE(UPPER(IFERROR(INDEX('Base de Personas'!$D7:D21,MATCH($A33,'Base de Personas'!$B7:B21,0)),IFERROR(INDEX($C$5:C32,MATCH($A33,$A$5:A32,0)),""))),"Á","A"),"É","E"),"Í","I"),"Ó","O"),"Ú","U"),"Ü","U"))) | D33: =IF($A33="","",TRIM(SUBSTITUTE(SUBSTITUTE(SUBSTITUTE(SUBSTITUTE(SUBSTITUTE(SUBSTITUTE(UPPER(IFERROR(INDEX('Base de Personas'!$E7:E21,MATCH($A33,'Base de Personas'!$B7:B21,0)),IFERROR(INDEX($D$5:D32,MATCH($A33,$A$5:A32,0)),""))),"Á","A"),"É","E"),"Í","I"),"Ó","O"),"Ú","U"),"Ü","U"))) | E33: =IF($A33="","",TRIM(SUBSTITUTE(SUBSTITUTE(SUBSTITUTE(SUBSTITUTE(SUBSTITUTE(SUBSTITUTE(UPPER(IFERROR(INDEX('Base de Personas'!$F7:F21,MATCH($A33,'Base de Personas'!$B7:B21,0)),IFERROR(INDEX($E$5:E32,MATCH($A33,$A$5:A32,0)),""))),"Á","A"),"É","E"),"Í","I"),"Ó","O"),"Ú","U"),"Ü","U"))) | F33: =IF($A33="","",TRIM(SUBSTITUTE(SUBSTITUTE(SUBSTITUTE(SUBSTITUTE(SUBSTITUTE(SUBSTITUTE(UPPER(IFERROR(INDEX('Base de Personas'!$G7:G21,MATCH($A33,'Base de Personas'!$B7:B21,0)),IFERROR(INDEX($F$5:F32,MATCH($A33,$A$5:A32,0)),""))),"Á","A"),"É","E"),"Í","I"),"Ó","O"),"Ú","U"),"Ü","U"))) | G33: =IF($A33="","",TRIM(SUBSTITUTE(SUBSTITUTE(SUBSTITUTE(SUBSTITUTE(SUBSTITUTE(SUBSTITUTE(UPPER(IFERROR(INDEX('Base de Personas'!$H7:H21,MATCH($A33,'Base de Personas'!$B7:B21,0)),IFERROR(INDEX($G$5:G32,MATCH($A33,$A$5:A32,0)),""))),"Á","A"),"É","E"),"Í","I"),"Ó","O"),"Ú","U"),"Ü","U"))) | H33: =IF($A33="","",IFERROR(INDEX('Base de Personas'!$I$7:$I$21,MATCH($A33,'Base de Personas'!$B$7:$B$21,0)),IFERROR(INDEX($H$5:H32,MATCH($A33,$A$5:A32,0)),""))) | M33: =IF($A33="","",IF(K33=_xlfn.MAXIFS($K$5:$K$304,$A$5:$A$304,$A33),1,0)) | N33: =IF($A33="","",IF(M33=1,$A33&"-ACT","")) | O33: =IF($A33="","",IF(AND(COUNTIF('Base de Personas'!$B$7:$B$21,$A33)=0,COUNTIF($A$5:A33,$A33)=1),1,0)) | P33: =IF(O33=1,SUM($O$5:O33),"")
B34: =IF($A34="","",TRIM(SUBSTITUTE(SUBSTITUTE(SUBSTITUTE(SUBSTITUTE(SUBSTITUTE(SUBSTITUTE(UPPER(IFERROR(INDEX('Base de Personas'!$C7:C21,MATCH($A34,'Base de Personas'!$B7:B21,0)),IFERROR(INDEX($B$5:B33,MATCH($A34,$A$5:A33,0)),""))),"Á","A"),"É","E"),"Í","I"),"Ó","O"),"Ú","U"),"Ü","U"))) | C34: =IF($A34="","",TRIM(SUBSTITUTE(SUBSTITUTE(SUBSTITUTE(SUBSTITUTE(SUBSTITUTE(SUBSTITUTE(UPPER(IFERROR(INDEX('Base de Personas'!$D7:D21,MATCH($A34,'Base de Personas'!$B7:B21,0)),IFERROR(INDEX($C$5:C33,MATCH($A34,$A$5:A33,0)),""))),"Á","A"),"É","E"),"Í","I"),"Ó","O"),"Ú","U"),"Ü","U"))) | D34: =IF($A34="","",TRIM(SUBSTITUTE(SUBSTITUTE(SUBSTITUTE(SUBSTITUTE(SUBSTITUTE(SUBSTITUTE(UPPER(IFERROR(INDEX('Base de Personas'!$E7:E21,MATCH($A34,'Base de Personas'!$B7:B21,0)),IFERROR(INDEX($D$5:D33,MATCH($A34,$A$5:A33,0)),""))),"Á","A"),"É","E"),"Í","I"),"Ó","O"),"Ú","U"),"Ü","U"))) | E34: =IF($A34="","",TRIM(SUBSTITUTE(SUBSTITUTE(SUBSTITUTE(SUBSTITUTE(SUBSTITUTE(SUBSTITUTE(UPPER(IFERROR(INDEX('Base de Personas'!$F7:F21,MATCH($A34,'Base de Personas'!$B7:B21,0)),IFERROR(INDEX($E$5:E33,MATCH($A34,$A$5:A33,0)),""))),"Á","A"),"É","E"),"Í","I"),"Ó","O"),"Ú","U"),"Ü","U"))) | F34: =IF($A34="","",TRIM(SUBSTITUTE(SUBSTITUTE(SUBSTITUTE(SUBSTITUTE(SUBSTITUTE(SUBSTITUTE(UPPER(IFERROR(INDEX('Base de Personas'!$G7:G21,MATCH($A34,'Base de Personas'!$B7:B21,0)),IFERROR(INDEX($F$5:F33,MATCH($A34,$A$5:A33,0)),""))),"Á","A"),"É","E"),"Í","I"),"Ó","O"),"Ú","U"),"Ü","U"))) | G34: =IF($A34="","",TRIM(SUBSTITUTE(SUBSTITUTE(SUBSTITUTE(SUBSTITUTE(SUBSTITUTE(SUBSTITUTE(UPPER(IFERROR(INDEX('Base de Personas'!$H7:H21,MATCH($A34,'Base de Personas'!$B7:B21,0)),IFERROR(INDEX($G$5:G33,MATCH($A34,$A$5:A33,0)),""))),"Á","A"),"É","E"),"Í","I"),"Ó","O"),"Ú","U"),"Ü","U"))) | H34: =IF($A34="","",IFERROR(INDEX('Base de Personas'!$I$7:$I$21,MATCH($A34,'Base de Personas'!$B$7:$B$21,0)),IFERROR(INDEX($H$5:H33,MATCH($A34,$A$5:A33,0)),""))) | M34: =IF($A34="","",IF(K34=_xlfn.MAXIFS($K$5:$K$304,$A$5:$A$304,$A34),1,0)) | N34: =IF($A34="","",IF(M34=1,$A34&"-ACT","")) | O34: =IF($A34="","",IF(AND(COUNTIF('Base de Personas'!$B$7:$B$21,$A34)=0,COUNTIF($A$5:A34,$A34)=1),1,0)) | P34: =IF(O34=1,SUM($O$5:O34),"")
B35: =IF($A35="","",TRIM(SUBSTITUTE(SUBSTITUTE(SUBSTITUTE(SUBSTITUTE(SUBSTITUTE(SUBSTITUTE(UPPER(IFERROR(INDEX('Base de Personas'!$C7:C21,MATCH($A35,'Base de Personas'!$B7:B21,0)),IFERROR(INDEX($B$5:B34,MATCH($A35,$A$5:A34,0)),""))),"Á","A"),"É","E"),"Í","I"),"Ó","O"),"Ú","U"),"Ü","U"))) | C35: =IF($A35="","",TRIM(SUBSTITUTE(SUBSTITUTE(SUBSTITUTE(SUBSTITUTE(SUBSTITUTE(SUBSTITUTE(UPPER(IFERROR(INDEX('Base de Personas'!$D7:D21,MATCH($A35,'Base de Personas'!$B7:B21,0)),IFERROR(INDEX($C$5:C34,MATCH($A35,$A$5:A34,0)),""))),"Á","A"),"É","E"),"Í","I"),"Ó","O"),"Ú","U"),"Ü","U"))) | D35: =IF($A35="","",TRIM(SUBSTITUTE(SUBSTITUTE(SUBSTITUTE(SUBSTITUTE(SUBSTITUTE(SUBSTITUTE(UPPER(IFERROR(INDEX('Base de Personas'!$E7:E21,MATCH($A35,'Base de Personas'!$B7:B21,0)),IFERROR(INDEX($D$5:D34,MATCH($A35,$A$5:A34,0)),""))),"Á","A"),"É","E"),"Í","I"),"Ó","O"),"Ú","U"),"Ü","U"))) | E35: =IF($A35="","",TRIM(SUBSTITUTE(SUBSTITUTE(SUBSTITUTE(SUBSTITUTE(SUBSTITUTE(SUBSTITUTE(UPPER(IFERROR(INDEX('Base de Personas'!$F7:F21,MATCH($A35,'Base de Personas'!$B7:B21,0)),IFERROR(INDEX($E$5:E34,MATCH($A35,$A$5:A34,0)),""))),"Á","A"),"É","E"),"Í","I"),"Ó","O"),"Ú","U"),"Ü","U"))) | F35: =IF($A35="","",TRIM(SUBSTITUTE(SUBSTITUTE(SUBSTITUTE(SUBSTITUTE(SUBSTITUTE(SUBSTITUTE(UPPER(IFERROR(INDEX('Base de Personas'!$G7:G21,MATCH($A35,'Base de Personas'!$B7:B21,0)),IFERROR(INDEX($F$5:F34,MATCH($A35,$A$5:A34,0)),""))),"Á","A"),"É","E"),"Í","I"),"Ó","O"),"Ú","U"),"Ü","U"))) | G35: =IF($A35="","",TRIM(SUBSTITUTE(SUBSTITUTE(SUBSTITUTE(SUBSTITUTE(SUBSTITUTE(SUBSTITUTE(UPPER(IFERROR(INDEX('Base de Personas'!$H7:H21,MATCH($A35,'Base de Personas'!$B7:B21,0)),IFERROR(INDEX($G$5:G34,MATCH($A35,$A$5:A34,0)),""))),"Á","A"),"É","E"),"Í","I"),"Ó","O"),"Ú","U"),"Ü","U"))) | H35: =IF($A35="","",IFERROR(INDEX('Base de Personas'!$I$7:$I$21,MATCH($A35,'Base de Personas'!$B$7:$B$21,0)),IFERROR(INDEX($H$5:H34,MATCH($A35,$A$5:A34,0)),""))) | M35: =IF($A35="","",IF(K35=_xlfn.MAXIFS($K$5:$K$304,$A$5:$A$304,$A35),1,0)) | N35: =IF($A35="","",IF(M35=1,$A35&"-ACT","")) | O35: =IF($A35="","",IF(AND(COUNTIF('Base de Personas'!$B$7:$B$21,$A35)=0,COUNTIF($A$5:A35,$A35)=1),1,0)) | P35: =IF(O35=1,SUM($O$5:O35),"")
B36: =IF($A36="","",TRIM(SUBSTITUTE(SUBSTITUTE(SUBSTITUTE(SUBSTITUTE(SUBSTITUTE(SUBSTITUTE(UPPER(IFERROR(INDEX('Base de Personas'!$C7:C21,MATCH($A36,'Base de Personas'!$B7:B21,0)),IFERROR(INDEX($B$5:B35,MATCH($A36,$A$5:A35,0)),""))),"Á","A"),"É","E"),"Í","I"),"Ó","O"),"Ú","U"),"Ü","U"))) | C36: =IF($A36="","",TRIM(SUBSTITUTE(SUBSTITUTE(SUBSTITUTE(SUBSTITUTE(SUBSTITUTE(SUBSTITUTE(UPPER(IFERROR(INDEX('Base de Personas'!$D7:D21,MATCH($A36,'Base de Personas'!$B7:B21,0)),IFERROR(INDEX($C$5:C35,MATCH($A36,$A$5:A35,0)),""))),"Á","A"),"É","E"),"Í","I"),"Ó","O"),"Ú","U"),"Ü","U"))) | D36: =IF($A36="","",TRIM(SUBSTITUTE(SUBSTITUTE(SUBSTITUTE(SUBSTITUTE(SUBSTITUTE(SUBSTITUTE(UPPER(IFERROR(INDEX('Base de Personas'!$E7:E21,MATCH($A36,'Base de Personas'!$B7:B21,0)),IFERROR(INDEX($D$5:D35,MATCH($A36,$A$5:A35,0)),""))),"Á","A"),"É","E"),"Í","I"),"Ó","O"),"Ú","U"),"Ü","U"))) | E36: =IF($A36="","",TRIM(SUBSTITUTE(SUBSTITUTE(SUBSTITUTE(SUBSTITUTE(SUBSTITUTE(SUBSTITUTE(UPPER(IFERROR(INDEX('Base de Personas'!$F7:F21,MATCH($A36,'Base de Personas'!$B7:B21,0)),IFERROR(INDEX($E$5:E35,MATCH($A36,$A$5:A35,0)),""))),"Á","A"),"É","E"),"Í","I"),"Ó","O"),"Ú","U"),"Ü","U"))) | F36: =IF($A36="","",TRIM(SUBSTITUTE(SUBSTITUTE(SUBSTITUTE(SUBSTITUTE(SUBSTITUTE(SUBSTITUTE(UPPER(IFERROR(INDEX('Base de Personas'!$G7:G21,MATCH($A36,'Base de Personas'!$B7:B21,0)),IFERROR(INDEX($F$5:F35,MATCH($A36,$A$5:A35,0)),""))),"Á","A"),"É","E"),"Í","I"),"Ó","O"),"Ú","U"),"Ü","U"))) | G36: =IF($A36="","",TRIM(SUBSTITUTE(SUBSTITUTE(SUBSTITUTE(SUBSTITUTE(SUBSTITUTE(SUBSTITUTE(UPPER(IFERROR(INDEX('Base de Personas'!$H7:H21,MATCH($A36,'Base de Personas'!$B7:B21,0)),IFERROR(INDEX($G$5:G35,MATCH($A36,$A$5:A35,0)),""))),"Á","A"),"É","E"),"Í","I"),"Ó","O"),"Ú","U"),"Ü","U"))) | H36: =IF($A36="","",IFERROR(INDEX('Base de Personas'!$I$7:$I$21,MATCH($A36,'Base de Personas'!$B$7:$B$21,0)),IFERROR(INDEX($H$5:H35,MATCH($A36,$A$5:A35,0)),""))) | M36: =IF($A36="","",IF(K36=_xlfn.MAXIFS($K$5:$K$304,$A$5:$A$304,$A36),1,0)) | N36: =IF($A36="","",IF(M36=1,$A36&"-ACT","")) | O36: =IF($A36="","",IF(AND(COUNTIF('Base de Personas'!$B$7:$B$21,$A36)=0,COUNTIF($A$5:A36,$A36)=1),1,0)) | P36: =IF(O36=1,SUM($O$5:O36),"")
B37: =IF($A37="","",TRIM(SUBSTITUTE(SUBSTITUTE(SUBSTITUTE(SUBSTITUTE(SUBSTITUTE(SUBSTITUTE(UPPER(IFERROR(INDEX('Base de Personas'!$C7:C21,MATCH($A37,'Base de Personas'!$B7:B21,0)),IFERROR(INDEX($B$5:B36,MATCH($A37,$A$5:A36,0)),""))),"Á","A"),"É","E"),"Í","I"),"Ó","O"),"Ú","U"),"Ü","U"))) | C37: =IF($A37="","",TRIM(SUBSTITUTE(SUBSTITUTE(SUBSTITUTE(SUBSTITUTE(SUBSTITUTE(SUBSTITUTE(UPPER(IFERROR(INDEX('Base de Personas'!$D7:D21,MATCH($A37,'Base de Personas'!$B7:B21,0)),IFERROR(INDEX($C$5:C36,MATCH($A37,$A$5:A36,0)),""))),"Á","A"),"É","E"),"Í","I"),"Ó","O"),"Ú","U"),"Ü","U"))) | D37: =IF($A37="","",TRIM(SUBSTITUTE(SUBSTITUTE(SUBSTITUTE(SUBSTITUTE(SUBSTITUTE(SUBSTITUTE(UPPER(IFERROR(INDEX('Base de Personas'!$E7:E21,MATCH($A37,'Base de Personas'!$B7:B21,0)),IFERROR(INDEX($D$5:D36,MATCH($A37,$A$5:A36,0)),""))),"Á","A"),"É","E"),"Í","I"),"Ó","O"),"Ú","U"),"Ü","U"))) | E37: =IF($A37="","",TRIM(SUBSTITUTE(SUBSTITUTE(SUBSTITUTE(SUBSTITUTE(SUBSTITUTE(SUBSTITUTE(UPPER(IFERROR(INDEX('Base de Personas'!$F7:F21,MATCH($A37,'Base de Personas'!$B7:B21,0)),IFERROR(INDEX($E$5:E36,MATCH($A37,$A$5:A36,0)),""))),"Á","A"),"É","E"),"Í","I"),"Ó","O"),"Ú","U"),"Ü","U"))) | F37: =IF($A37="","",TRIM(SUBSTITUTE(SUBSTITUTE(SUBSTITUTE(SUBSTITUTE(SUBSTITUTE(SUBSTITUTE(UPPER(IFERROR(INDEX('Base de Personas'!$G7:G21,MATCH($A37,'Base de Personas'!$B7:B21,0)),IFERROR(INDEX($F$5:F36,MATCH($A37,$A$5:A36,0)),""))),"Á","A"),"É","E"),"Í","I"),"Ó","O"),"Ú","U"),"Ü","U"))) | G37: =IF($A37="","",TRIM(SUBSTITUTE(SUBSTITUTE(SUBSTITUTE(SUBSTITUTE(SUBSTITUTE(SUBSTITUTE(UPPER(IFERROR(INDEX('Base de Personas'!$H7:H21,MATCH($A37,'Base de Personas'!$B7:B21,0)),IFERROR(INDEX($G$5:G36,MATCH($A37,$A$5:A36,0)),""))),"Á","A"),"É","E"),"Í","I"),"Ó","O"),"Ú","U"),"Ü","U"))) | H37: =IF($A37="","",IFERROR(INDEX('Base de Personas'!$I$7:$I$21,MATCH($A37,'Base de Personas'!$B$7:$B$21,0)),IFERROR(INDEX($H$5:H36,MATCH($A37,$A$5:A36,0)),""))) | M37: =IF($A37="","",IF(K37=_xlfn.MAXIFS($K$5:$K$304,$A$5:$A$304,$A37),1,0)) | N37: =IF($A37="","",IF(M37=1,$A37&"-ACT","")) | O37: =IF($A37="","",IF(AND(COUNTIF('Base de Personas'!$B$7:$B$21,$A37)=0,COUNTIF($A$5:A37,$A37)=1),1,0)) | P37: =IF(O37=1,SUM($O$5:O37),"")
B38: =IF($A38="","",TRIM(SUBSTITUTE(SUBSTITUTE(SUBSTITUTE(SUBSTITUTE(SUBSTITUTE(SUBSTITUTE(UPPER(IFERROR(INDEX('Base de Personas'!$C7:C21,MATCH($A38,'Base de Personas'!$B7:B21,0)),IFERROR(INDEX($B$5:B37,MATCH($A38,$A$5:A37,0)),""))),"Á","A"),"É","E"),"Í","I"),"Ó","O"),"Ú","U"),"Ü","U"))) | C38: =IF($A38="","",TRIM(SUBSTITUTE(SUBSTITUTE(SUBSTITUTE(SUBSTITUTE(SUBSTITUTE(SUBSTITUTE(UPPER(IFERROR(INDEX('Base de Personas'!$D7:D21,MATCH($A38,'Base de Personas'!$B7:B21,0)),IFERROR(INDEX($C$5:C37,MATCH($A38,$A$5:A37,0)),""))),"Á","A"),"É","E"),"Í","I"),"Ó","O"),"Ú","U"),"Ü","U"))) | D38: =IF($A38="","",TRIM(SUBSTITUTE(SUBSTITUTE(SUBSTITUTE(SUBSTITUTE(SUBSTITUTE(SUBSTITUTE(UPPER(IFERROR(INDEX('Base de Personas'!$E7:E21,MATCH($A38,'Base de Personas'!$B7:B21,0)),IFERROR(INDEX($D$5:D37,MATCH($A38,$A$5:A37,0)),""))),"Á","A"),"É","E"),"Í","I"),"Ó","O"),"Ú","U"),"Ü","U"))) | E38: =IF($A38="","",TRIM(SUBSTITUTE(SUBSTITUTE(SUBSTITUTE(SUBSTITUTE(SUBSTITUTE(SUBSTITUTE(UPPER(IFERROR(INDEX('Base de Personas'!$F7:F21,MATCH($A38,'Base de Personas'!$B7:B21,0)),IFERROR(INDEX($E$5:E37,MATCH($A38,$A$5:A37,0)),""))),"Á","A"),"É","E"),"Í","I"),"Ó","O"),"Ú","U"),"Ü","U"))) | F38: =IF($A38="","",TRIM(SUBSTITUTE(SUBSTITUTE(SUBSTITUTE(SUBSTITUTE(SUBSTITUTE(SUBSTITUTE(UPPER(IFERROR(INDEX('Base de Personas'!$G7:G21,MATCH($A38,'Base de Personas'!$B7:B21,0)),IFERROR(INDEX($F$5:F37,MATCH($A38,$A$5:A37,0)),""))),"Á","A"),"É","E"),"Í","I"),"Ó","O"),"Ú","U"),"Ü","U"))) | G38: =IF($A38="","",TRIM(SUBSTITUTE(SUBSTITUTE(SUBSTITUTE(SUBSTITUTE(SUBSTITUTE(SUBSTITUTE(UPPER(IFERROR(INDEX('Base de Personas'!$H7:H21,MATCH($A38,'Base de Personas'!$B7:B21,0)),IFERROR(INDEX($G$5:G37,MATCH($A38,$A$5:A37,0)),""))),"Á","A"),"É","E"),"Í","I"),"Ó","O"),"Ú","U"),"Ü","U"))) | H38: =IF($A38="","",IFERROR(INDEX('Base de Personas'!$I$7:$I$21,MATCH($A38,'Base de Personas'!$B$7:$B$21,0)),IFERROR(INDEX($H$5:H37,MATCH($A38,$A$5:A37,0)),""))) | M38: =IF($A38="","",IF(K38=_xlfn.MAXIFS($K$5:$K$304,$A$5:$A$304,$A38),1,0)) | N38: =IF($A38="","",IF(M38=1,$A38&"-ACT","")) | O38: =IF($A38="","",IF(AND(COUNTIF('Base de Personas'!$B$7:$B$21,$A38)=0,COUNTIF($A$5:A38,$A38)=1),1,0)) | P38: =IF(O38=1,SUM($O$5:O38),"")
B39: =IF($A39="","",TRIM(SUBSTITUTE(SUBSTITUTE(SUBSTITUTE(SUBSTITUTE(SUBSTITUTE(SUBSTITUTE(UPPER(IFERROR(INDEX('Base de Personas'!$C7:C21,MATCH($A39,'Base de Personas'!$B7:B21,0)),IFERROR(INDEX($B$5:B38,MATCH($A39,$A$5:A38,0)),""))),"Á","A"),"É","E"),"Í","I"),"Ó","O"),"Ú","U"),"Ü","U"))) | C39: =IF($A39="","",TRIM(SUBSTITUTE(SUBSTITUTE(SUBSTITUTE(SUBSTITUTE(SUBSTITUTE(SUBSTITUTE(UPPER(IFERROR(INDEX('Base de Personas'!$D7:D21,MATCH($A39,'Base de Personas'!$B7:B21,0)),IFERROR(INDEX($C$5:C38,MATCH($A39,$A$5:A38,0)),""))),"Á","A"),"É","E"),"Í","I"),"Ó","O"),"Ú","U"),"Ü","U"))) | D39: =IF($A39="","",TRIM(SUBSTITUTE(SUBSTITUTE(SUBSTITUTE(SUBSTITUTE(SUBSTITUTE(SUBSTITUTE(UPPER(IFERROR(INDEX('Base de Personas'!$E7:E21,MATCH($A39,'Base de Personas'!$B7:B21,0)),IFERROR(INDEX($D$5:D38,MATCH($A39,$A$5:A38,0)),""))),"Á","A"),"É","E"),"Í","I"),"Ó","O"),"Ú","U"),"Ü","U"))) | E39: =IF($A39="","",TRIM(SUBSTITUTE(SUBSTITUTE(SUBSTITUTE(SUBSTITUTE(SUBSTITUTE(SUBSTITUTE(UPPER(IFERROR(INDEX('Base de Personas'!$F7:F21,MATCH($A39,'Base de Personas'!$B7:B21,0)),IFERROR(INDEX($E$5:E38,MATCH($A39,$A$5:A38,0)),""))),"Á","A"),"É","E"),"Í","I"),"Ó","O"),"Ú","U"),"Ü","U"))) | F39: =IF($A39="","",TRIM(SUBSTITUTE(SUBSTITUTE(SUBSTITUTE(SUBSTITUTE(SUBSTITUTE(SUBSTITUTE(UPPER(IFERROR(INDEX('Base de Personas'!$G7:G21,MATCH($A39,'Base de Personas'!$B7:B21,0)),IFERROR(INDEX($F$5:F38,MATCH($A39,$A$5:A38,0)),""))),"Á","A"),"É","E"),"Í","I"),"Ó","O"),"Ú","U"),"Ü","U"))) | G39: =IF($A39="","",TRIM(SUBSTITUTE(SUBSTITUTE(SUBSTITUTE(SUBSTITUTE(SUBSTITUTE(SUBSTITUTE(UPPER(IFERROR(INDEX('Base de Personas'!$H7:H21,MATCH($A39,'Base de Personas'!$B7:B21,0)),IFERROR(INDEX($G$5:G38,MATCH($A39,$A$5:A38,0)),""))),"Á","A"),"É","E"),"Í","I"),"Ó","O"),"Ú","U"),"Ü","U"))) | H39: =IF($A39="","",IFERROR(INDEX('Base de Personas'!$I$7:$I$21,MATCH($A39,'Base de Personas'!$B$7:$B$21,0)),IFERROR(INDEX($H$5:H38,MATCH($A39,$A$5:A38,0)),""))) | M39: =IF($A39="","",IF(K39=_xlfn.MAXIFS($K$5:$K$304,$A$5:$A$304,$A39),1,0)) | N39: =IF($A39="","",IF(M39=1,$A39&"-ACT","")) | O39: =IF($A39="","",IF(AND(COUNTIF('Base de Personas'!$B$7:$B$21,$A39)=0,COUNTIF($A$5:A39,$A39)=1),1,0)) | P39: =IF(O39=1,SUM($O$5:O39),"")
B40: =IF($A40="","",TRIM(SUBSTITUTE(SUBSTITUTE(SUBSTITUTE(SUBSTITUTE(SUBSTITUTE(SUBSTITUTE(UPPER(IFERROR(INDEX('Base de Personas'!$C7:C21,MATCH($A40,'Base de Personas'!$B7:B21,0)),IFERROR(INDEX($B$5:B39,MATCH($A40,$A$5:A39,0)),""))),"Á","A"),"É","E"),"Í","I"),"Ó","O"),"Ú","U"),"Ü","U"))) | C40: =IF($A40="","",TRIM(SUBSTITUTE(SUBSTITUTE(SUBSTITUTE(SUBSTITUTE(SUBSTITUTE(SUBSTITUTE(UPPER(IFERROR(INDEX('Base de Personas'!$D7:D21,MATCH($A40,'Base de Personas'!$B7:B21,0)),IFERROR(INDEX($C$5:C39,MATCH($A40,$A$5:A39,0)),""))),"Á","A"),"É","E"),"Í","I"),"Ó","O"),"Ú","U"),"Ü","U"))) | D40: =IF($A40="","",TRIM(SUBSTITUTE(SUBSTITUTE(SUBSTITUTE(SUBSTITUTE(SUBSTITUTE(SUBSTITUTE(UPPER(IFERROR(INDEX('Base de Personas'!$E7:E21,MATCH($A40,'Base de Personas'!$B7:B21,0)),IFERROR(INDEX($D$5:D39,MATCH($A40,$A$5:A39,0)),""))),"Á","A"),"É","E"),"Í","I"),"Ó","O"),"Ú","U"),"Ü","U"))) | E40: =IF($A40="","",TRIM(SUBSTITUTE(SUBSTITUTE(SUBSTITUTE(SUBSTITUTE(SUBSTITUTE(SUBSTITUTE(UPPER(IFERROR(INDEX('Base de Personas'!$F7:F21,MATCH($A40,'Base de Personas'!$B7:B21,0)),IFERROR(INDEX($E$5:E39,MATCH($A40,$A$5:A39,0)),""))),"Á","A"),"É","E"),"Í","I"),"Ó","O"),"Ú","U"),"Ü","U"))) | F40: =IF($A40="","",TRIM(SUBSTITUTE(SUBSTITUTE(SUBSTITUTE(SUBSTITUTE(SUBSTITUTE(SUBSTITUTE(UPPER(IFERROR(INDEX('Base de Personas'!$G7:G21,MATCH($A40,'Base de Personas'!$B7:B21,0)),IFERROR(INDEX($F$5:F39,MATCH($A40,$A$5:A39,0)),""))),"Á","A"),"É","E"),"Í","I"),"Ó","O"),"Ú","U"),"Ü","U"))) | G40: =IF($A40="","",TRIM(SUBSTITUTE(SUBSTITUTE(SUBSTITUTE(SUBSTITUTE(SUBSTITUTE(SUBSTITUTE(UPPER(IFERROR(INDEX('Base de Personas'!$H7:H21,MATCH($A40,'Base de Personas'!$B7:B21,0)),IFERROR(INDEX($G$5:G39,MATCH($A40,$A$5:A39,0)),""))),"Á","A"),"É","E"),"Í","I"),"Ó","O"),"Ú","U"),"Ü","U"))) | H40: =IF($A40="","",IFERROR(INDEX('Base de Personas'!$I$7:$I$21,MATCH($A40,'Base de Personas'!$B$7:$B$21,0)),IFERROR(INDEX($H$5:H39,MATCH($A40,$A$5:A39,0)),""))) | M40: =IF($A40="","",IF(K40=_xlfn.MAXIFS($K$5:$K$304,$A$5:$A$304,$A40),1,0)) | N40: =IF($A40="","",IF(M40=1,$A40&"-ACT","")) | O40: =IF($A40="","",IF(AND(COUNTIF('Base de Personas'!$B$7:$B$21,$A40)=0,COUNTIF($A$5:A40,$A40)=1),1,0)) | P40: =IF(O40=1,SUM($O$5:O40),"")
B41: =IF($A41="","",TRIM(SUBSTITUTE(SUBSTITUTE(SUBSTITUTE(SUBSTITUTE(SUBSTITUTE(SUBSTITUTE(UPPER(IFERROR(INDEX('Base de Personas'!$C7:C21,MATCH($A41,'Base de Personas'!$B7:B21,0)),IFERROR(INDEX($B$5:B40,MATCH($A41,$A$5:A40,0)),""))),"Á","A"),"É","E"),"Í","I"),"Ó","O"),"Ú","U"),"Ü","U"))) | C41: =IF($A41="","",TRIM(SUBSTITUTE(SUBSTITUTE(SUBSTITUTE(SUBSTITUTE(SUBSTITUTE(SUBSTITUTE(UPPER(IFERROR(INDEX('Base de Personas'!$D7:D21,MATCH($A41,'Base de Personas'!$B7:B21,0)),IFERROR(INDEX($C$5:C40,MATCH($A41,$A$5:A40,0)),""))),"Á","A"),"É","E"),"Í","I"),"Ó","O"),"Ú","U"),"Ü","U"))) | D41: =IF($A41="","",TRIM(SUBSTITUTE(SUBSTITUTE(SUBSTITUTE(SUBSTITUTE(SUBSTITUTE(SUBSTITUTE(UPPER(IFERROR(INDEX('Base de Personas'!$E7:E21,MATCH($A41,'Base de Personas'!$B7:B21,0)),IFERROR(INDEX($D$5:D40,MATCH($A41,$A$5:A40,0)),""))),"Á","A"),"É","E"),"Í","I"),"Ó","O"),"Ú","U"),"Ü","U"))) | E41: =IF($A41="","",TRIM(SUBSTITUTE(SUBSTITUTE(SUBSTITUTE(SUBSTITUTE(SUBSTITUTE(SUBSTITUTE(UPPER(IFERROR(INDEX('Base de Personas'!$F7:F21,MATCH($A41,'Base de Personas'!$B7:B21,0)),IFERROR(INDEX($E$5:E40,MATCH($A41,$A$5:A40,0)),""))),"Á","A"),"É","E"),"Í","I"),"Ó","O"),"Ú","U"),"Ü","U"))) | F41: =IF($A41="","",TRIM(SUBSTITUTE(SUBSTITUTE(SUBSTITUTE(SUBSTITUTE(SUBSTITUTE(SUBSTITUTE(UPPER(IFERROR(INDEX('Base de Personas'!$G7:G21,MATCH($A41,'Base de Personas'!$B7:B21,0)),IFERROR(INDEX($F$5:F40,MATCH($A41,$A$5:A40,0)),""))),"Á","A"),"É","E"),"Í","I"),"Ó","O"),"Ú","U"),"Ü","U"))) | G41: =IF($A41="","",TRIM(SUBSTITUTE(SUBSTITUTE(SUBSTITUTE(SUBSTITUTE(SUBSTITUTE(SUBSTITUTE(UPPER(IFERROR(INDEX('Base de Personas'!$H7:H21,MATCH($A41,'Base de Personas'!$B7:B21,0)),IFERROR(INDEX($G$5:G40,MATCH($A41,$A$5:A40,0)),""))),"Á","A"),"É","E"),"Í","I"),"Ó","O"),"Ú","U"),"Ü","U"))) | H41: =IF($A41="","",IFERROR(INDEX('Base de Personas'!$I$7:$I$21,MATCH($A41,'Base de Personas'!$B$7:$B$21,0)),IFERROR(INDEX($H$5:H40,MATCH($A41,$A$5:A40,0)),""))) | M41: =IF($A41="","",IF(K41=_xlfn.MAXIFS($K$5:$K$304,$A$5:$A$304,$A41),1,0)) | N41: =IF($A41="","",IF(M41=1,$A41&"-ACT","")) | O41: =IF($A41="","",IF(AND(COUNTIF('Base de Personas'!$B$7:$B$21,$A41)=0,COUNTIF($A$5:A41,$A41)=1),1,0)) | P41: =IF(O41=1,SUM($O$5:O41),"")
B42: =IF($A42="","",TRIM(SUBSTITUTE(SUBSTITUTE(SUBSTITUTE(SUBSTITUTE(SUBSTITUTE(SUBSTITUTE(UPPER(IFERROR(INDEX('Base de Personas'!$C7:C21,MATCH($A42,'Base de Personas'!$B7:B21,0)),IFERROR(INDEX($B$5:B41,MATCH($A42,$A$5:A41,0)),""))),"Á","A"),"É","E"),"Í","I"),"Ó","O"),"Ú","U"),"Ü","U"))) | C42: =IF($A42="","",TRIM(SUBSTITUTE(SUBSTITUTE(SUBSTITUTE(SUBSTITUTE(SUBSTITUTE(SUBSTITUTE(UPPER(IFERROR(INDEX('Base de Personas'!$D7:D21,MATCH($A42,'Base de Personas'!$B7:B21,0)),IFERROR(INDEX($C$5:C41,MATCH($A42,$A$5:A41,0)),""))),"Á","A"),"É","E"),"Í","I"),"Ó","O"),"Ú","U"),"Ü","U"))) | D42: =IF($A42="","",TRIM(SUBSTITUTE(SUBSTITUTE(SUBSTITUTE(SUBSTITUTE(SUBSTITUTE(SUBSTITUTE(UPPER(IFERROR(INDEX('Base de Personas'!$E7:E21,MATCH($A42,'Base de Personas'!$B7:B21,0)),IFERROR(INDEX($D$5:D41,MATCH($A42,$A$5:A41,0)),""))),"Á","A"),"É","E"),"Í","I"),"Ó","O"),"Ú","U"),"Ü","U"))) | E42: =IF($A42="","",TRIM(SUBSTITUTE(SUBSTITUTE(SUBSTITUTE(SUBSTITUTE(SUBSTITUTE(SUBSTITUTE(UPPER(IFERROR(INDEX('Base de Personas'!$F7:F21,MATCH($A42,'Base de Personas'!$B7:B21,0)),IFERROR(INDEX($E$5:E41,MATCH($A42,$A$5:A41,0)),""))),"Á","A"),"É","E"),"Í","I"),"Ó","O"),"Ú","U"),"Ü","U"))) | F42: =IF($A42="","",TRIM(SUBSTITUTE(SUBSTITUTE(SUBSTITUTE(SUBSTITUTE(SUBSTITUTE(SUBSTITUTE(UPPER(IFERROR(INDEX('Base de Personas'!$G7:G21,MATCH($A42,'Base de Personas'!$B7:B21,0)),IFERROR(INDEX($F$5:F41,MATCH($A42,$A$5:A41,0)),""))),"Á","A"),"É","E"),"Í","I"),"Ó","O"),"Ú","U"),"Ü","U"))) | G42: =IF($A42="","",TRIM(SUBSTITUTE(SUBSTITUTE(SUBSTITUTE(SUBSTITUTE(SUBSTITUTE(SUBSTITUTE(UPPER(IFERROR(INDEX('Base de Personas'!$H7:H21,MATCH($A42,'Base de Personas'!$B7:B21,0)),IFERROR(INDEX($G$5:G41,MATCH($A42,$A$5:A41,0)),""))),"Á","A"),"É","E"),"Í","I"),"Ó","O"),"Ú","U"),"Ü","U"))) | H42: =IF($A42="","",IFERROR(INDEX('Base de Personas'!$I$7:$I$21,MATCH($A42,'Base de Personas'!$B$7:$B$21,0)),IFERROR(INDEX($H$5:H41,MATCH($A42,$A$5:A41,0)),""))) | M42: =IF($A42="","",IF(K42=_xlfn.MAXIFS($K$5:$K$304,$A$5:$A$304,$A42),1,0)) | N42: =IF($A42="","",IF(M42=1,$A42&"-ACT","")) | O42: =IF($A42="","",IF(AND(COUNTIF('Base de Personas'!$B$7:$B$21,$A42)=0,COUNTIF($A$5:A42,$A42)=1),1,0)) | P42: =IF(O42=1,SUM($O$5:O42),"")
B43: =IF($A43="","",TRIM(SUBSTITUTE(SUBSTITUTE(SUBSTITUTE(SUBSTITUTE(SUBSTITUTE(SUBSTITUTE(UPPER(IFERROR(INDEX('Base de Personas'!$C7:C21,MATCH($A43,'Base de Personas'!$B7:B21,0)),IFERROR(INDEX($B$5:B42,MATCH($A43,$A$5:A42,0)),""))),"Á","A"),"É","E"),"Í","I"),"Ó","O"),"Ú","U"),"Ü","U"))) | C43: =IF($A43="","",TRIM(SUBSTITUTE(SUBSTITUTE(SUBSTITUTE(SUBSTITUTE(SUBSTITUTE(SUBSTITUTE(UPPER(IFERROR(INDEX('Base de Personas'!$D7:D21,MATCH($A43,'Base de Personas'!$B7:B21,0)),IFERROR(INDEX($C$5:C42,MATCH($A43,$A$5:A42,0)),""))),"Á","A"),"É","E"),"Í","I"),"Ó","O"),"Ú","U"),"Ü","U"))) | D43: =IF($A43="","",TRIM(SUBSTITUTE(SUBSTITUTE(SUBSTITUTE(SUBSTITUTE(SUBSTITUTE(SUBSTITUTE(UPPER(IFERROR(INDEX('Base de Personas'!$E7:E21,MATCH($A43,'Base de Personas'!$B7:B21,0)),IFERROR(INDEX($D$5:D42,MATCH($A43,$A$5:A42,0)),""))),"Á","A"),"É","E"),"Í","I"),"Ó","O"),"Ú","U"),"Ü","U"))) | E43: =IF($A43="","",TRIM(SUBSTITUTE(SUBSTITUTE(SUBSTITUTE(SUBSTITUTE(SUBSTITUTE(SUBSTITUTE(UPPER(IFERROR(INDEX('Base de Personas'!$F7:F21,MATCH($A43,'Base de Personas'!$B7:B21,0)),IFERROR(INDEX($E$5:E42,MATCH($A43,$A$5:A42,0)),""))),"Á","A"),"É","E"),"Í","I"),"Ó","O"),"Ú","U"),"Ü","U"))) | F43: =IF($A43="","",TRIM(SUBSTITUTE(SUBSTITUTE(SUBSTITUTE(SUBSTITUTE(SUBSTITUTE(SUBSTITUTE(UPPER(IFERROR(INDEX('Base de Personas'!$G7:G21,MATCH($A43,'Base de Personas'!$B7:B21,0)),IFERROR(INDEX($F$5:F42,MATCH($A43,$A$5:A42,0)),""))),"Á","A"),"É","E"),"Í","I"),"Ó","O"),"Ú","U"),"Ü","U"))) | G43: =IF($A43="","",TRIM(SUBSTITUTE(SUBSTITUTE(SUBSTITUTE(SUBSTITUTE(SUBSTITUTE(SUBSTITUTE(UPPER(IFERROR(INDEX('Base de Personas'!$H7:H21,MATCH($A43,'Base de Personas'!$B7:B21,0)),IFERROR(INDEX($G$5:G42,MATCH($A43,$A$5:A42,0)),""))),"Á","A"),"É","E"),"Í","I"),"Ó","O"),"Ú","U"),"Ü","U"))) | H43: =IF($A43="","",IFERROR(INDEX('Base de Personas'!$I$7:$I$21,MATCH($A43,'Base de Personas'!$B$7:$B$21,0)),IFERROR(INDEX($H$5:H42,MATCH($A43,$A$5:A42,0)),""))) | M43: =IF($A43="","",IF(K43=_xlfn.MAXIFS($K$5:$K$304,$A$5:$A$304,$A43),1,0)) | N43: =IF($A43="","",IF(M43=1,$A43&"-ACT","")) | O43: =IF($A43="","",IF(AND(COUNTIF('Base de Personas'!$B$7:$B$21,$A43)=0,COUNTIF($A$5:A43,$A43)=1),1,0)) | P43: =IF(O43=1,SUM($O$5:O43),"")
B44: =IF($A44="","",TRIM(SUBSTITUTE(SUBSTITUTE(SUBSTITUTE(SUBSTITUTE(SUBSTITUTE(SUBSTITUTE(UPPER(IFERROR(INDEX('Base de Personas'!$C7:C21,MATCH($A44,'Base de Personas'!$B7:B21,0)),IFERROR(INDEX($B$5:B43,MATCH($A44,$A$5:A43,0)),""))),"Á","A"),"É","E"),"Í","I"),"Ó","O"),"Ú","U"),"Ü","U"))) | C44: =IF($A44="","",TRIM(SUBSTITUTE(SUBSTITUTE(SUBSTITUTE(SUBSTITUTE(SUBSTITUTE(SUBSTITUTE(UPPER(IFERROR(INDEX('Base de Personas'!$D7:D21,MATCH($A44,'Base de Personas'!$B7:B21,0)),IFERROR(INDEX($C$5:C43,MATCH($A44,$A$5:A43,0)),""))),"Á","A"),"É","E"),"Í","I"),"Ó","O"),"Ú","U"),"Ü","U"))) | D44: =IF($A44="","",TRIM(SUBSTITUTE(SUBSTITUTE(SUBSTITUTE(SUBSTITUTE(SUBSTITUTE(SUBSTITUTE(UPPER(IFERROR(INDEX('Base de Personas'!$E7:E21,MATCH($A44,'Base de Personas'!$B7:B21,0)),IFERROR(INDEX($D$5:D43,MATCH($A44,$A$5:A43,0)),""))),"Á","A"),"É","E"),"Í","I"),"Ó","O"),"Ú","U"),"Ü","U"))) | E44: =IF($A44="","",TRIM(SUBSTITUTE(SUBSTITUTE(SUBSTITUTE(SUBSTITUTE(SUBSTITUTE(SUBSTITUTE(UPPER(IFERROR(INDEX('Base de Personas'!$F7:F21,MATCH($A44,'Base de Personas'!$B7:B21,0)),IFERROR(INDEX($E$5:E43,MATCH($A44,$A$5:A43,0)),""))),"Á","A"),"É","E"),"Í","I"),"Ó","O"),"Ú","U"),"Ü","U"))) | F44: =IF($A44="","",TRIM(SUBSTITUTE(SUBSTITUTE(SUBSTITUTE(SUBSTITUTE(SUBSTITUTE(SUBSTITUTE(UPPER(IFERROR(INDEX('Base de Personas'!$G7:G21,MATCH($A44,'Base de Personas'!$B7:B21,0)),IFERROR(INDEX($F$5:F43,MATCH($A44,$A$5:A43,0)),""))),"Á","A"),"É","E"),"Í","I"),"Ó","O"),"Ú","U"),"Ü","U"))) | G44: =IF($A44="","",TRIM(SUBSTITUTE(SUBSTITUTE(SUBSTITUTE(SUBSTITUTE(SUBSTITUTE(SUBSTITUTE(UPPER(IFERROR(INDEX('Base de Personas'!$H7:H21,MATCH($A44,'Base de Personas'!$B7:B21,0)),IFERROR(INDEX($G$5:G43,MATCH($A44,$A$5:A43,0)),""))),"Á","A"),"É","E"),"Í","I"),"Ó","O"),"Ú","U"),"Ü","U"))) | H44: =IF($A44="","",IFERROR(INDEX('Base de Personas'!$I$7:$I$21,MATCH($A44,'Base de Personas'!$B$7:$B$21,0)),IFERROR(INDEX($H$5:H43,MATCH($A44,$A$5:A43,0)),""))) | M44: =IF($A44="","",IF(K44=_xlfn.MAXIFS($K$5:$K$304,$A$5:$A$304,$A44),1,0)) | N44: =IF($A44="","",IF(M44=1,$A44&"-ACT","")) | O44: =IF($A44="","",IF(AND(COUNTIF('Base de Personas'!$B$7:$B$21,$A44)=0,COUNTIF($A$5:A44,$A44)=1),1,0)) | P44: =IF(O44=1,SUM($O$5:O44),"")
B45: =IF($A45="","",TRIM(SUBSTITUTE(SUBSTITUTE(SUBSTITUTE(SUBSTITUTE(SUBSTITUTE(SUBSTITUTE(UPPER(IFERROR(INDEX('Base de Personas'!$C7:C21,MATCH($A45,'Base de Personas'!$B7:B21,0)),IFERROR(INDEX($B$5:B44,MATCH($A45,$A$5:A44,0)),""))),"Á","A"),"É","E"),"Í","I"),"Ó","O"),"Ú","U"),"Ü","U"))) | C45: =IF($A45="","",TRIM(SUBSTITUTE(SUBSTITUTE(SUBSTITUTE(SUBSTITUTE(SUBSTITUTE(SUBSTITUTE(UPPER(IFERROR(INDEX('Base de Personas'!$D7:D21,MATCH($A45,'Base de Personas'!$B7:B21,0)),IFERROR(INDEX($C$5:C44,MATCH($A45,$A$5:A44,0)),""))),"Á","A"),"É","E"),"Í","I"),"Ó","O"),"Ú","U"),"Ü","U"))) | D45: =IF($A45="","",TRIM(SUBSTITUTE(SUBSTITUTE(SUBSTITUTE(SUBSTITUTE(SUBSTITUTE(SUBSTITUTE(UPPER(IFERROR(INDEX('Base de Personas'!$E7:E21,MATCH($A45,'Base de Personas'!$B7:B21,0)),IFERROR(INDEX($D$5:D44,MATCH($A45,$A$5:A44,0)),""))),"Á","A"),"É","E"),"Í","I"),"Ó","O"),"Ú","U"),"Ü","U"))) | E45: =IF($A45="","",TRIM(SUBSTITUTE(SUBSTITUTE(SUBSTITUTE(SUBSTITUTE(SUBSTITUTE(SUBSTITUTE(UPPER(IFERROR(INDEX('Base de Personas'!$F7:F21,MATCH($A45,'Base de Personas'!$B7:B21,0)),IFERROR(INDEX($E$5:E44,MATCH($A45,$A$5:A44,0)),""))),"Á","A"),"É","E"),"Í","I"),"Ó","O"),"Ú","U"),"Ü","U"))) | F45: =IF($A45="","",TRIM(SUBSTITUTE(SUBSTITUTE(SUBSTITUTE(SUBSTITUTE(SUBSTITUTE(SUBSTITUTE(UPPER(IFERROR(INDEX('Base de Personas'!$G7:G21,MATCH($A45,'Base de Personas'!$B7:B21,0)),IFERROR(INDEX($F$5:F44,MATCH($A45,$A$5:A44,0)),""))),"Á","A"),"É","E"),"Í","I"),"Ó","O"),"Ú","U"),"Ü","U"))) | G45: =IF($A45="","",TRIM(SUBSTITUTE(SUBSTITUTE(SUBSTITUTE(SUBSTITUTE(SUBSTITUTE(SUBSTITUTE(UPPER(IFERROR(INDEX('Base de Personas'!$H7:H21,MATCH($A45,'Base de Personas'!$B7:B21,0)),IFERROR(INDEX($G$5:G44,MATCH($A45,$A$5:A44,0)),""))),"Á","A"),"É","E"),"Í","I"),"Ó","O"),"Ú","U"),"Ü","U"))) | H45: =IF($A45="","",IFERROR(INDEX('Base de Personas'!$I$7:$I$21,MATCH($A45,'Base de Personas'!$B$7:$B$21,0)),IFERROR(INDEX($H$5:H44,MATCH($A45,$A$5:A44,0)),""))) | M45: =IF($A45="","",IF(K45=_xlfn.MAXIFS($K$5:$K$304,$A$5:$A$304,$A45),1,0)) | N45: =IF($A45="","",IF(M45=1,$A45&"-ACT","")) | O45: =IF($A45="","",IF(AND(COUNTIF('Base de Personas'!$B$7:$B$21,$A45)=0,COUNTIF($A$5:A45,$A45)=1),1,0)) | P45: =IF(O45=1,SUM($O$5:O45),"")
B46: =IF($A46="","",TRIM(SUBSTITUTE(SUBSTITUTE(SUBSTITUTE(SUBSTITUTE(SUBSTITUTE(SUBSTITUTE(UPPER(IFERROR(INDEX('Base de Personas'!$C7:C21,MATCH($A46,'Base de Personas'!$B7:B21,0)),IFERROR(INDEX($B$5:B45,MATCH($A46,$A$5:A45,0)),""))),"Á","A"),"É","E"),"Í","I"),"Ó","O"),"Ú","U"),"Ü","U"))) | C46: =IF($A46="","",TRIM(SUBSTITUTE(SUBSTITUTE(SUBSTITUTE(SUBSTITUTE(SUBSTITUTE(SUBSTITUTE(UPPER(IFERROR(INDEX('Base de Personas'!$D7:D21,MATCH($A46,'Base de Personas'!$B7:B21,0)),IFERROR(INDEX($C$5:C45,MATCH($A46,$A$5:A45,0)),""))),"Á","A"),"É","E"),"Í","I"),"Ó","O"),"Ú","U"),"Ü","U"))) | D46: =IF($A46="","",TRIM(SUBSTITUTE(SUBSTITUTE(SUBSTITUTE(SUBSTITUTE(SUBSTITUTE(SUBSTITUTE(UPPER(IFERROR(INDEX('Base de Personas'!$E7:E21,MATCH($A46,'Base de Personas'!$B7:B21,0)),IFERROR(INDEX($D$5:D45,MATCH($A46,$A$5:A45,0)),""))),"Á","A"),"É","E"),"Í","I"),"Ó","O"),"Ú","U"),"Ü","U"))) | E46: =IF($A46="","",TRIM(SUBSTITUTE(SUBSTITUTE(SUBSTITUTE(SUBSTITUTE(SUBSTITUTE(SUBSTITUTE(UPPER(IFERROR(INDEX('Base de Personas'!$F7:F21,MATCH($A46,'Base de Personas'!$B7:B21,0)),IFERROR(INDEX($E$5:E45,MATCH($A46,$A$5:A45,0)),""))),"Á","A"),"É","E"),"Í","I"),"Ó","O"),"Ú","U"),"Ü","U"))) | F46: =IF($A46="","",TRIM(SUBSTITUTE(SUBSTITUTE(SUBSTITUTE(SUBSTITUTE(SUBSTITUTE(SUBSTITUTE(UPPER(IFERROR(INDEX('Base de Personas'!$G7:G21,MATCH($A46,'Base de Personas'!$B7:B21,0)),IFERROR(INDEX($F$5:F45,MATCH($A46,$A$5:A45,0)),""))),"Á","A"),"É","E"),"Í","I"),"Ó","O"),"Ú","U"),"Ü","U"))) | G46: =IF($A46="","",TRIM(SUBSTITUTE(SUBSTITUTE(SUBSTITUTE(SUBSTITUTE(SUBSTITUTE(SUBSTITUTE(UPPER(IFERROR(INDEX('Base de Personas'!$H7:H21,MATCH($A46,'Base de Personas'!$B7:B21,0)),IFERROR(INDEX($G$5:G45,MATCH($A46,$A$5:A45,0)),""))),"Á","A"),"É","E"),"Í","I"),"Ó","O"),"Ú","U"),"Ü","U"))) | H46: =IF($A46="","",IFERROR(INDEX('Base de Personas'!$I$7:$I$21,MATCH($A46,'Base de Personas'!$B$7:$B$21,0)),IFERROR(INDEX($H$5:H45,MATCH($A46,$A$5:A45,0)),""))) | M46: =IF($A46="","",IF(K46=_xlfn.MAXIFS($K$5:$K$304,$A$5:$A$304,$A46),1,0)) | N46: =IF($A46="","",IF(M46=1,$A46&"-ACT","")) | O46: =IF($A46="","",IF(AND(COUNTIF('Base de Personas'!$B$7:$B$21,$A46)=0,COUNTIF($A$5:A46,$A46)=1),1,0)) | P46: =IF(O46=1,SUM($O$5:O46),"")
B47: =IF($A47="","",TRIM(SUBSTITUTE(SUBSTITUTE(SUBSTITUTE(SUBSTITUTE(SUBSTITUTE(SUBSTITUTE(UPPER(IFERROR(INDEX('Base de Personas'!$C7:C21,MATCH($A47,'Base de Personas'!$B7:B21,0)),IFERROR(INDEX($B$5:B46,MATCH($A47,$A$5:A46,0)),""))),"Á","A"),"É","E"),"Í","I"),"Ó","O"),"Ú","U"),"Ü","U"))) | C47: =IF($A47="","",TRIM(SUBSTITUTE(SUBSTITUTE(SUBSTITUTE(SUBSTITUTE(SUBSTITUTE(SUBSTITUTE(UPPER(IFERROR(INDEX('Base de Personas'!$D7:D21,MATCH($A47,'Base de Personas'!$B7:B21,0)),IFERROR(INDEX($C$5:C46,MATCH($A47,$A$5:A46,0)),""))),"Á","A"),"É","E"),"Í","I"),"Ó","O"),"Ú","U"),"Ü","U"))) | D47: =IF($A47="","",TRIM(SUBSTITUTE(SUBSTITUTE(SUBSTITUTE(SUBSTITUTE(SUBSTITUTE(SUBSTITUTE(UPPER(IFERROR(INDEX('Base de Personas'!$E7:E21,MATCH($A47,'Base de Personas'!$B7:B21,0)),IFERROR(INDEX($D$5:D46,MATCH($A47,$A$5:A46,0)),""))),"Á","A"),"É","E"),"Í","I"),"Ó","O"),"Ú","U"),"Ü","U"))) | E47: =IF($A47="","",TRIM(SUBSTITUTE(SUBSTITUTE(SUBSTITUTE(SUBSTITUTE(SUBSTITUTE(SUBSTITUTE(UPPER(IFERROR(INDEX('Base de Personas'!$F7:F21,MATCH($A47,'Base de Personas'!$B7:B21,0)),IFERROR(INDEX($E$5:E46,MATCH($A47,$A$5:A46,0)),""))),"Á","A"),"É","E"),"Í","I"),"Ó","O"),"Ú","U"),"Ü","U"))) | F47: =IF($A47="","",TRIM(SUBSTITUTE(SUBSTITUTE(SUBSTITUTE(SUBSTITUTE(SUBSTITUTE(SUBSTITUTE(UPPER(IFERROR(INDEX('Base de Personas'!$G7:G21,MATCH($A47,'Base de Personas'!$B7:B21,0)),IFERROR(INDEX($F$5:F46,MATCH($A47,$A$5:A46,0)),""))),"Á","A"),"É","E"),"Í","I"),"Ó","O"),"Ú","U"),"Ü","U"))) | G47: =IF($A47="","",TRIM(SUBSTITUTE(SUBSTITUTE(SUBSTITUTE(SUBSTITUTE(SUBSTITUTE(SUBSTITUTE(UPPER(IFERROR(INDEX('Base de Personas'!$H7:H21,MATCH($A47,'Base de Personas'!$B7:B21,0)),IFERROR(INDEX($G$5:G46,MATCH($A47,$A$5:A46,0)),""))),"Á","A"),"É","E"),"Í","I"),"Ó","O"),"Ú","U"),"Ü","U"))) | H47: =IF($A47="","",IFERROR(INDEX('Base de Personas'!$I$7:$I$21,MATCH($A47,'Base de Personas'!$B$7:$B$21,0)),IFERROR(INDEX($H$5:H46,MATCH($A47,$A$5:A46,0)),""))) | M47: =IF($A47="","",IF(K47=_xlfn.MAXIFS($K$5:$K$304,$A$5:$A$304,$A47),1,0)) | N47: =IF($A47="","",IF(M47=1,$A47&"-ACT","")) | O47: =IF($A47="","",IF(AND(COUNTIF('Base de Personas'!$B$7:$B$21,$A47)=0,COUNTIF($A$5:A47,$A47)=1),1,0)) | P47: =IF(O47=1,SUM($O$5:O47),"")
B48: =IF($A48="","",TRIM(SUBSTITUTE(SUBSTITUTE(SUBSTITUTE(SUBSTITUTE(SUBSTITUTE(SUBSTITUTE(UPPER(IFERROR(INDEX('Base de Personas'!$C7:C21,MATCH($A48,'Base de Personas'!$B7:B21,0)),IFERROR(INDEX($B$5:B47,MATCH($A48,$A$5:A47,0)),""))),"Á","A"),"É","E"),"Í","I"),"Ó","O"),"Ú","U"),"Ü","U"))) | C48: =IF($A48="","",TRIM(SUBSTITUTE(SUBSTITUTE(SUBSTITUTE(SUBSTITUTE(SUBSTITUTE(SUBSTITUTE(UPPER(IFERROR(INDEX('Base de Personas'!$D7:D21,MATCH($A48,'Base de Personas'!$B7:B21,0)),IFERROR(INDEX($C$5:C47,MATCH($A48,$A$5:A47,0)),""))),"Á","A"),"É","E"),"Í","I"),"Ó","O"),"Ú","U"),"Ü","U"))) | D48: =IF($A48="","",TRIM(SUBSTITUTE(SUBSTITUTE(SUBSTITUTE(SUBSTITUTE(SUBSTITUTE(SUBSTITUTE(UPPER(IFERROR(INDEX('Base de Personas'!$E7:E21,MATCH($A48,'Base de Personas'!$B7:B21,0)),IFERROR(INDEX($D$5:D47,MATCH($A48,$A$5:A47,0)),""))),"Á","A"),"É","E"),"Í","I"),"Ó","O"),"Ú","U"),"Ü","U"))) | E48: =IF($A48="","",TRIM(SUBSTITUTE(SUBSTITUTE(SUBSTITUTE(SUBSTITUTE(SUBSTITUTE(SUBSTITUTE(UPPER(IFERROR(INDEX('Base de Personas'!$F7:F21,MATCH($A48,'Base de Personas'!$B7:B21,0)),IFERROR(INDEX($E$5:E47,MATCH($A48,$A$5:A47,0)),""))),"Á","A"),"É","E"),"Í","I"),"Ó","O"),"Ú","U"),"Ü","U"))) | F48: =IF($A48="","",TRIM(SUBSTITUTE(SUBSTITUTE(SUBSTITUTE(SUBSTITUTE(SUBSTITUTE(SUBSTITUTE(UPPER(IFERROR(INDEX('Base de Personas'!$G7:G21,MATCH($A48,'Base de Personas'!$B7:B21,0)),IFERROR(INDEX($F$5:F47,MATCH($A48,$A$5:A47,0)),""))),"Á","A"),"É","E"),"Í","I"),"Ó","O"),"Ú","U"),"Ü","U"))) | G48: =IF($A48="","",TRIM(SUBSTITUTE(SUBSTITUTE(SUBSTITUTE(SUBSTITUTE(SUBSTITUTE(SUBSTITUTE(UPPER(IFERROR(INDEX('Base de Personas'!$H7:H21,MATCH($A48,'Base de Personas'!$B7:B21,0)),IFERROR(INDEX($G$5:G47,MATCH($A48,$A$5:A47,0)),""))),"Á","A"),"É","E"),"Í","I"),"Ó","O"),"Ú","U"),"Ü","U"))) | H48: =IF($A48="","",IFERROR(INDEX('Base de Personas'!$I$7:$I$21,MATCH($A48,'Base de Personas'!$B$7:$B$21,0)),IFERROR(INDEX($H$5:H47,MATCH($A48,$A$5:A47,0)),""))) | M48: =IF($A48="","",IF(K48=_xlfn.MAXIFS($K$5:$K$304,$A$5:$A$304,$A48),1,0)) | N48: =IF($A48="","",IF(M48=1,$A48&"-ACT","")) | O48: =IF($A48="","",IF(AND(COUNTIF('Base de Personas'!$B$7:$B$21,$A48)=0,COUNTIF($A$5:A48,$A48)=1),1,0)) | P48: =IF(O48=1,SUM($O$5:O48),"")
B49: =IF($A49="","",TRIM(SUBSTITUTE(SUBSTITUTE(SUBSTITUTE(SUBSTITUTE(SUBSTITUTE(SUBSTITUTE(UPPER(IFERROR(INDEX('Base de Personas'!$C7:C21,MATCH($A49,'Base de Personas'!$B7:B21,0)),IFERROR(INDEX($B$5:B48,MATCH($A49,$A$5:A48,0)),""))),"Á","A"),"É","E"),"Í","I"),"Ó","O"),"Ú","U"),"Ü","U"))) | C49: =IF($A49="","",TRIM(SUBSTITUTE(SUBSTITUTE(SUBSTITUTE(SUBSTITUTE(SUBSTITUTE(SUBSTITUTE(UPPER(IFERROR(INDEX('Base de Personas'!$D7:D21,MATCH($A49,'Base de Personas'!$B7:B21,0)),IFERROR(INDEX($C$5:C48,MATCH($A49,$A$5:A48,0)),""))),"Á","A"),"É","E"),"Í","I"),"Ó","O"),"Ú","U"),"Ü","U"))) | D49: =IF($A49="","",TRIM(SUBSTITUTE(SUBSTITUTE(SUBSTITUTE(SUBSTITUTE(SUBSTITUTE(SUBSTITUTE(UPPER(IFERROR(INDEX('Base de Personas'!$E7:E21,MATCH($A49,'Base de Personas'!$B7:B21,0)),IFERROR(INDEX($D$5:D48,MATCH($A49,$A$5:A48,0)),""))),"Á","A"),"É","E"),"Í","I"),"Ó","O"),"Ú","U"),"Ü","U"))) | E49: =IF($A49="","",TRIM(SUBSTITUTE(SUBSTITUTE(SUBSTITUTE(SUBSTITUTE(SUBSTITUTE(SUBSTITUTE(UPPER(IFERROR(INDEX('Base de Personas'!$F7:F21,MATCH($A49,'Base de Personas'!$B7:B21,0)),IFERROR(INDEX($E$5:E48,MATCH($A49,$A$5:A48,0)),""))),"Á","A"),"É","E"),"Í","I"),"Ó","O"),"Ú","U"),"Ü","U"))) | F49: =IF($A49="","",TRIM(SUBSTITUTE(SUBSTITUTE(SUBSTITUTE(SUBSTITUTE(SUBSTITUTE(SUBSTITUTE(UPPER(IFERROR(INDEX('Base de Personas'!$G7:G21,MATCH($A49,'Base de Personas'!$B7:B21,0)),IFERROR(INDEX($F$5:F48,MATCH($A49,$A$5:A48,0)),""))),"Á","A"),"É","E"),"Í","I"),"Ó","O"),"Ú","U"),"Ü","U"))) | G49: =IF($A49="","",TRIM(SUBSTITUTE(SUBSTITUTE(SUBSTITUTE(SUBSTITUTE(SUBSTITUTE(SUBSTITUTE(UPPER(IFERROR(INDEX('Base de Personas'!$H7:H21,MATCH($A49,'Base de Personas'!$B7:B21,0)),IFERROR(INDEX($G$5:G48,MATCH($A49,$A$5:A48,0)),""))),"Á","A"),"É","E"),"Í","I"),"Ó","O"),"Ú","U"),"Ü","U"))) | H49: =IF($A49="","",IFERROR(INDEX('Base de Personas'!$I$7:$I$21,MATCH($A49,'Base de Personas'!$B$7:$B$21,0)),IFERROR(INDEX($H$5:H48,MATCH($A49,$A$5:A48,0)),""))) | M49: =IF($A49="","",IF(K49=_xlfn.MAXIFS($K$5:$K$304,$A$5:$A$304,$A49),1,0)) | N49: =IF($A49="","",IF(M49=1,$A49&"-ACT","")) | O49: =IF($A49="","",IF(AND(COUNTIF('Base de Personas'!$B$7:$B$21,$A49)=0,COUNTIF($A$5:A49,$A49)=1),1,0)) | P49: =IF(O49=1,SUM($O$5:O49),"")
B50: =IF($A50="","",TRIM(SUBSTITUTE(SUBSTITUTE(SUBSTITUTE(SUBSTITUTE(SUBSTITUTE(SUBSTITUTE(UPPER(IFERROR(INDEX('Base de Personas'!$C7:C21,MATCH($A50,'Base de Personas'!$B7:B21,0)),IFERROR(INDEX($B$5:B49,MATCH($A50,$A$5:A49,0)),""))),"Á","A"),"É","E"),"Í","I"),"Ó","O"),"Ú","U"),"Ü","U"))) | C50: =IF($A50="","",TRIM(SUBSTITUTE(SUBSTITUTE(SUBSTITUTE(SUBSTITUTE(SUBSTITUTE(SUBSTITUTE(UPPER(IFERROR(INDEX('Base de Personas'!$D7:D21,MATCH($A50,'Base de Personas'!$B7:B21,0)),IFERROR(INDEX($C$5:C49,MATCH($A50,$A$5:A49,0)),""))),"Á","A"),"É","E"),"Í","I"),"Ó","O"),"Ú","U"),"Ü","U"))) | D50: =IF($A50="","",TRIM(SUBSTITUTE(SUBSTITUTE(SUBSTITUTE(SUBSTITUTE(SUBSTITUTE(SUBSTITUTE(UPPER(IFERROR(INDEX('Base de Personas'!$E7:E21,MATCH($A50,'Base de Personas'!$B7:B21,0)),IFERROR(INDEX($D$5:D49,MATCH($A50,$A$5:A49,0)),""))),"Á","A"),"É","E"),"Í","I"),"Ó","O"),"Ú","U"),"Ü","U"))) | E50: =IF($A50="","",TRIM(SUBSTITUTE(SUBSTITUTE(SUBSTITUTE(SUBSTITUTE(SUBSTITUTE(SUBSTITUTE(UPPER(IFERROR(INDEX('Base de Personas'!$F7:F21,MATCH($A50,'Base de Personas'!$B7:B21,0)),IFERROR(INDEX($E$5:E49,MATCH($A50,$A$5:A49,0)),""))),"Á","A"),"É","E"),"Í","I"),"Ó","O"),"Ú","U"),"Ü","U"))) | F50: =IF($A50="","",TRIM(SUBSTITUTE(SUBSTITUTE(SUBSTITUTE(SUBSTITUTE(SUBSTITUTE(SUBSTITUTE(UPPER(IFERROR(INDEX('Base de Personas'!$G7:G21,MATCH($A50,'Base de Personas'!$B7:B21,0)),IFERROR(INDEX($F$5:F49,MATCH($A50,$A$5:A49,0)),""))),"Á","A"),"É","E"),"Í","I"),"Ó","O"),"Ú","U"),"Ü","U"))) | G50: =IF($A50="","",TRIM(SUBSTITUTE(SUBSTITUTE(SUBSTITUTE(SUBSTITUTE(SUBSTITUTE(SUBSTITUTE(UPPER(IFERROR(INDEX('Base de Personas'!$H7:H21,MATCH($A50,'Base de Personas'!$B7:B21,0)),IFERROR(INDEX($G$5:G49,MATCH($A50,$A$5:A49,0)),""))),"Á","A"),"É","E"),"Í","I"),"Ó","O"),"Ú","U"),"Ü","U"))) | H50: =IF($A50="","",IFERROR(INDEX('Base de Personas'!$I$7:$I$21,MATCH($A50,'Base de Personas'!$B$7:$B$21,0)),IFERROR(INDEX($H$5:H49,MATCH($A50,$A$5:A49,0)),""))) | M50: =IF($A50="","",IF(K50=_xlfn.MAXIFS($K$5:$K$304,$A$5:$A$304,$A50),1,0)) | N50: =IF($A50="","",IF(M50=1,$A50&"-ACT","")) | O50: =IF($A50="","",IF(AND(COUNTIF('Base de Personas'!$B$7:$B$21,$A50)=0,COUNTIF($A$5:A50,$A50)=1),1,0)) | P50: =IF(O50=1,SUM($O$5:O50),"")
B51: =IF($A51="","",TRIM(SUBSTITUTE(SUBSTITUTE(SUBSTITUTE(SUBSTITUTE(SUBSTITUTE(SUBSTITUTE(UPPER(IFERROR(INDEX('Base de Personas'!$C7:C21,MATCH($A51,'Base de Personas'!$B7:B21,0)),IFERROR(INDEX($B$5:B50,MATCH($A51,$A$5:A50,0)),""))),"Á","A"),"É","E"),"Í","I"),"Ó","O"),"Ú","U"),"Ü","U"))) | C51: =IF($A51="","",TRIM(SUBSTITUTE(SUBSTITUTE(SUBSTITUTE(SUBSTITUTE(SUBSTITUTE(SUBSTITUTE(UPPER(IFERROR(INDEX('Base de Personas'!$D7:D21,MATCH($A51,'Base de Personas'!$B7:B21,0)),IFERROR(INDEX($C$5:C50,MATCH($A51,$A$5:A50,0)),""))),"Á","A"),"É","E"),"Í","I"),"Ó","O"),"Ú","U"),"Ü","U"))) | D51: =IF($A51="","",TRIM(SUBSTITUTE(SUBSTITUTE(SUBSTITUTE(SUBSTITUTE(SUBSTITUTE(SUBSTITUTE(UPPER(IFERROR(INDEX('Base de Personas'!$E7:E21,MATCH($A51,'Base de Personas'!$B7:B21,0)),IFERROR(INDEX($D$5:D50,MATCH($A51,$A$5:A50,0)),""))),"Á","A"),"É","E"),"Í","I"),"Ó","O"),"Ú","U"),"Ü","U"))) | E51: =IF($A51="","",TRIM(SUBSTITUTE(SUBSTITUTE(SUBSTITUTE(SUBSTITUTE(SUBSTITUTE(SUBSTITUTE(UPPER(IFERROR(INDEX('Base de Personas'!$F7:F21,MATCH($A51,'Base de Personas'!$B7:B21,0)),IFERROR(INDEX($E$5:E50,MATCH($A51,$A$5:A50,0)),""))),"Á","A"),"É","E"),"Í","I"),"Ó","O"),"Ú","U"),"Ü","U"))) | F51: =IF($A51="","",TRIM(SUBSTITUTE(SUBSTITUTE(SUBSTITUTE(SUBSTITUTE(SUBSTITUTE(SUBSTITUTE(UPPER(IFERROR(INDEX('Base de Personas'!$G7:G21,MATCH($A51,'Base de Personas'!$B7:B21,0)),IFERROR(INDEX($F$5:F50,MATCH($A51,$A$5:A50,0)),""))),"Á","A"),"É","E"),"Í","I"),"Ó","O"),"Ú","U"),"Ü","U"))) | G51: =IF($A51="","",TRIM(SUBSTITUTE(SUBSTITUTE(SUBSTITUTE(SUBSTITUTE(SUBSTITUTE(SUBSTITUTE(UPPER(IFERROR(INDEX('Base de Personas'!$H7:H21,MATCH($A51,'Base de Personas'!$B7:B21,0)),IFERROR(INDEX($G$5:G50,MATCH($A51,$A$5:A50,0)),""))),"Á","A"),"É","E"),"Í","I"),"Ó","O"),"Ú","U"),"Ü","U"))) | H51: =IF($A51="","",IFERROR(INDEX('Base de Personas'!$I$7:$I$21,MATCH($A51,'Base de Personas'!$B$7:$B$21,0)),IFERROR(INDEX($H$5:H50,MATCH($A51,$A$5:A50,0)),""))) | M51: =IF($A51="","",IF(K51=_xlfn.MAXIFS($K$5:$K$304,$A$5:$A$304,$A51),1,0)) | N51: =IF($A51="","",IF(M51=1,$A51&"-ACT","")) | O51: =IF($A51="","",IF(AND(COUNTIF('Base de Personas'!$B$7:$B$21,$A51)=0,COUNTIF($A$5:A51,$A51)=1),1,0)) | P51: =IF(O51=1,SUM($O$5:O51),"")
